Symbol,Price,Volume
ETHBTC,0.03055,14742.7277
LTCBTC,0.000759,16626.687
BNBBTC,0.008412,22466.691
NEOBTC,0.00003859,1786.57
QTUMETH,0.0004655,354110.5
EOSETH,0.0003067,391642.7
SNTETH,0.000017,11484111
BNTETH,0.0002026,263070.3
BCCBTC,0,0
GASBTC,0.0000243,10184.6
BNBETH,0.2753,14778.43
BTCUSDT,72029.89,17864.43815
ETHUSDT,2200.14,276765.4454
HSRBTC,0,0
OAXETH,0,0
DNTETH,0,0
MCOETH,0,0
ICNETH,0,0
MCOBTC,0,0
WTCBTC,0.00000024,11331662
WTCETH,0,0
LRCBTC,0.00000052,7873696
LRCETH,0.00001675,5957955
QTUMBTC,0.00001628,248222.5
YOYOBTC,0,0
OMGBTC,0.0000308,597457.9
OMGETH,0.000791,351567.3
ZRXBTC,0.00000154,2204487
ZRXETH,0.0000994,1984878
STRATBTC,0,0
STRATETH,0,0
SNGLSBTC,0,0
SNGLSETH,0,0
BQXBTC,0,0
BQXETH,0,0
KNCBTC,0.00000193,883695.2
KNCETH,0.0003941,343725.1
FUNBTC,0,0
FUNETH,0.00000146,53487685
SNMBTC,0.00000057,16010793
SNMETH,0,0
NEOETH,0.004775,37983.48
IOTABTC,0.0000008,257933
IOTAETH,0.00003346,6859126
LINKBTC,0.0001253,86541.94
LINKETH,0.004102,83157.17
XVGBTC,0,0
XVGETH,0.00000247,43061611
SALTBTC,0,0
SALTETH,0,0
MDABTC,0,0
MDAETH,0,0
MTLBTC,0.00000405,1375538.3
MTLETH,0.0006834,342471
SUBBTC,0,0
SUBETH,0,0
EOSBTC,0.00000716,1023859.8
SNTBTC,0.00000032,21964820
ETCETH,0.00387,26985.48
ETCBTC,0.0001177,5604.33
MTHBTC,0,0
MTHETH,0,0
ENGBTC,0,0
ENGETH,0,0
DNTBTC,0.00000186,8250320
ZECBTC,0.0051585,8887.134
ZECETH,0.16889,604.148
BNTBTC,0.00000794,137278.7
ASTBTC,0.00000124,2116417
ASTETH,0,0
DASHBTC,0.0005128,5007.171
DASHETH,0.02084,8911.533
OAXBTC,0.00000038,5541332
ICNBTC,0,0
BTGBTC,0.000913,26988.3
BTGETH,0,0
EVXBTC,0,0
EVXETH,0,0
REQBTC,0.00000112,6855774
REQETH,0,0
VIBBTC,0.00000051,9254027
VIBETH,0.0000345,3539004
HSRETH,0,0
TRXBTC,0.00000444,3790741
TRXETH,0.00014554,1310824
POWRBTC,0.00000094,6588378
POWRETH,0.0000276,2607349
ARKBTC,0.00001679,1419007.9
ARKETH,0,0
YOYOETH,0,0
XRPBTC,0.00001877,2736636
XRPETH,0.0006145,486081.5
MODBTC,0,0
MODETH,0,0
ENJBTC,0.00000035,4607809.8
ENJETH,0.00006172,2215992.5
STORJBTC,0.00000143,1051455
STORJETH,0,0
BNBUSDT,605.86,107657.109
VENBNB,0,0
YOYOBNB,0,0
POWRBNB,0,0
VENBTC,0,0
VENETH,0,0
KMDBTC,0.00000015,23653896
KMDETH,0,0
NULSBNB,0,0
RCNBTC,0,0
RCNETH,0,0
RCNBNB,0,0
NULSBTC,0.0000003,8381687
NULSETH,0,0
RDNBTC,0,0
RDNETH,0,0
RDNBNB,0,0
XMRBTC,0.002287,13319.625
XMRETH,0.04032,9893.874
DLTBNB,0,0
WTCBNB,0,0
DLTBTC,0,0
DLTETH,0,0
AMBBTC,0.0000001,55515548
AMBETH,0,0
AMBBNB,0,0
BCCETH,0,0
BCCUSDT,0,0
BCCBNB,0,0
BATBTC,0.00000139,59952
BATETH,0.0001063,1757738
BATBNB,0,0
BCPTBTC,0,0
BCPTETH,0,0
BCPTBNB,0,0
ARNBTC,0,0
ARNETH,0,0
GVTBTC,0,0
GVTETH,0,0
CDTBTC,0,0
CDTETH,0,0
GXSBTC,0,0
GXSETH,0,0
NEOUSDT,2.799,202850.97
NEOBNB,0.03836,26716.61
POEBTC,0,0
POEETH,0,0
QSPBTC,0,0
QSPETH,0,0
QSPBNB,0,0
BTSBTC,0.00000043,66869720
BTSETH,0,0
BTSBNB,0,0
XZCBTC,0,0
XZCETH,0,0
XZCBNB,0,0
LSKBTC,0.00000186,46117.2
LSKETH,0.0003373,249310.9
LSKBNB,0,0
TNTBTC,0,0
TNTETH,0,0
FUELBTC,0,0
FUELETH,0,0
MANABTC,0.00000147,3702200
MANAETH,0.0000495,4139046
BCDBTC,0,0
BCDETH,0,0
DGDBTC,0,0
DGDETH,0,0
IOTABNB,0.000717,2435345
ADXBTC,0.00000106,129073
ADXETH,0.00003007,18303575
ADXBNB,0,0
ADABTC,0.00000355,1262778.2
ADAETH,0.0001164,250672.6
PPTBTC,0,0
PPTETH,0,0
CMTBTC,0,0
CMTETH,0,0
CMTBNB,0,0
XLMBTC,0.00000216,1199227
XLMETH,0.000071,160246
XLMBNB,0.0003036,1930527
CNDBTC,0,0
CNDETH,0,0
CNDBNB,0,0
LENDBTC,0,0
LENDETH,0,0
WABIBTC,0.0000003,72226868
WABIETH,0,0
WABIBNB,0,0
LTCETH,0.02486,11283.347
LTCUSDT,54.74,247367.551
LTCBNB,0.0904,354.057
TNBBTC,0,0
TNBETH,0,0
WAVESBTC,0.00001626,412440.43
WAVESETH,0.000298,374572.18
WAVESBNB,0.00513,311910.43
GTOBTC,0.00000077,47557764
GTOETH,0,0
GTOBNB,0,0
ICXBTC,0.00000056,6526645
ICXETH,0.0001179,4025849
ICXBNB,0,0
OSTBTC,0,0
OSTETH,0,0
OSTBNB,0,0
ELFBTC,0.00000274,3864175
ELFETH,0.0001433,1840119
AIONBTC,0.00000139,12702532
AIONETH,0,0
AIONBNB,0,0
NEBLBTC,0.000012,1219315.1
NEBLBNB,0,0
BRDBTC,0,0
BRDETH,0,0
BRDBNB,0,0
MCOBNB,0,0
EDOBTC,0,0
EDOETH,0,0
WINGSBTC,0,0
WINGSETH,0,0
NAVBTC,0,0
NAVETH,0,0
NAVBNB,0,0
LUNBTC,0,0
LUNETH,0,0
TRIGBTC,0,0
TRIGETH,0,0
TRIGBNB,0,0
APPCBTC,0,0
APPCETH,0,0
APPCBNB,0,0
VIBEBTC,0,0
VIBEETH,0,0
RLCBTC,0.00000553,2646604.4
RLCETH,0.0001947,120940.8
RLCBNB,0,0
INSBTC,0,0
INSETH,0,0
PIVXBTC,0.00000147,3121330
PIVXBNB,0,0
IOSTBTC,0.0000001,88610195
IOSTETH,0.00000372,49889228
CHATBTC,0,0
CHATETH,0,0
STEEMBTC,0.00000082,38629
STEEMETH,0.00002657,19531
STEEMBNB,0,0
NANOBTC,0,0
NANOETH,0,0
NANOBNB,0,0
VIABTC,0,0
VIAETH,0,0
VIABNB,0,0
BLZBTC,0.0000006,4149126
BLZETH,0.00004159,10774706
BLZBNB,0,0
AEBTC,0,0
AEETH,0,0
AEBNB,0,0
RPXBTC,0,0
RPXETH,0,0
RPXBNB,0,0
NCASHBTC,0,0
NCASHETH,0,0
NCASHBNB,0,0
POABTC,0,0
POAETH,0,0
POABNB,0,0
ZILBTC,0.0000001,65482555
ZILETH,0.00000168,112227742
ZILBNB,0.00008858,16784204
ONTBTC,0.00000113,1033637
ONTETH,0.0001253,1401481
ONTBNB,0,0
STORMBTC,0,0
STORMETH,0,0
STORMBNB,0,0
QTUMBNB,0,0
QTUMUSDT,0.927,500790.7
XEMBTC,0.00000192,14041020
XEMETH,0,0
XEMBNB,0,0
WANBTC,0.00000081,1847066
WANETH,0.0000927,775480
WANBNB,0,0
WPRBTC,0,0
WPRETH,0,0
QLCBTC,0.00000021,130101170
QLCETH,0,0
SYSBTC,0.00000019,31829443
SYSETH,0,0
SYSBNB,0,0
QLCBNB,0,0
GRSBTC,0,0
GRSETH,0,0
ADAUSDT,0.2561,92545578.7
ADABNB,0.000423,152788.5
CLOAKBTC,0,0
CLOAKETH,0,0
GNTBTC,0,0
GNTETH,0,0
GNTBNB,0,0
LOOMBTC,0.00000075,13815528
LOOMETH,0.00003231,9009886
LOOMBNB,0,0
XRPUSDT,1.3525,112750922
BCNBTC,0,0
BCNETH,0,0
BCNBNB,0,0
REPBTC,0.0003413,38613.67
REPBNB,0,0
BTCTUSD,72132.71,1.76015
TUSDBTC,0,0
ETHTUSD,2203.31,35.2788
TUSDETH,0,0
TUSDBNB,0,0
ZENBTC,0.00008107,8437.8
ZENETH,0.003991,26730.62
ZENBNB,0.0329,31204.14
SKYCOINBTC,0,0
SKYCOINETH,0,0
SKYCOINBNB,0,0
EOSUSDT,0.7799,1180284.8
EOSBNB,0.002583,371406.28
CVCBTC,0.00000566,3289236
CVCETH,0,0
CVCBNB,0,0
THETABTC,0.00000244,209025.3
THETAETH,0.0005017,362844.9
THETABNB,0.002736,307777.1
XRPBNB,0.0022312,27131.1
TUSDUSDT,0.9995,134536
IOTAUSDT,0.0576,21388954
XLMUSDT,0.1562,74103722
IOTXBTC,0.00000009,82514121
IOTXETH,0.000003,53049050
QKCBTC,0.0000001,74467936
QKCETH,0.0000043,31027875
AGIBTC,0,0
AGIETH,0,0
AGIBNB,0,0
NXSBTC,0,0
NXSETH,0,0
NXSBNB,0,0
ENJBNB,0.001368,1020176
DATABTC,0.00000008,44665732
DATAETH,0.00002034,26268169
ONTUSDT,0.08152,70174842
TRXBNB,0.0005284,180236
TRXUSDT,0.3202,105308069.4
ETCUSDT,8.51,329460.16
ETCBNB,0.01416,8457.51
ICXUSDT,0.037,4058009.9
SCBTC,0,0
SCETH,0.00000049,232594091
NPXSBTC,0,0
NPXSETH,0,0
VENUSDT,0,0
KEYBTC,0,0
KEYETH,0.00000227,105568180
NASBTC,0,0
NASETH,0,0
NASBNB,0,0
MFTBTC,0,0
MFTETH,0.00000433,64983840
MFTBNB,0,0
DENTBTC,0,0
DENTETH,0.00000007,1675516867
ARDRBTC,0.00000065,24660761
ARDRETH,0,0
ARDRBNB,0,0
NULSUSDT,0.0258,6282246
HOTBTC,0,0
HOTETH,0.00000017,1112665511
VETBTC,0.00000009,2600020
VETETH,0.00000344,50344578
VETUSDT,0.007216,182378266.7
VETBNB,0.00001339,57638624
DOCKBTC,0.00000005,29536668
DOCKETH,0,0
POLYBTC,0.00001384,1083011
POLYBNB,0,0
PHXBTC,0,0
PHXETH,0,0
PHXBNB,0,0
HCBTC,0,0
HCETH,0,0
GOBTC,0,0
GOBNB,0,0
PAXBTC,0,0
PAXBNB,0,0
PAXUSDT,0,0
PAXETH,0,0
RVNBTC,0.0000001,47686571
DCRBTC,0.0002185,10992.056
DCRBNB,0,0
USDCBNB,0,0
MITHBTC,0.0000008,33564196
MITHBNB,0.0000441,66149312
BCHABCBTC,0,0
BCHSVBTC,0,0
BCHABCUSDT,0,0
BCHSVUSDT,0,0
BNBPAX,0,0
BTCPAX,0,0
ETHPAX,0,0
XRPPAX,0,0
EOSPAX,0,0
XLMPAX,0,0
RENBTC,0.00000043,5371182
RENBNB,0,0
BNBTUSD,612.13,5.362
XRPTUSD,1.3178,4858.2
EOSTUSD,0,0
XLMTUSD,0,0
BNBUSDC,606.04,13682.929
BTCUSDC,72041.4,4216.9509
ETHUSDC,2200.64,172404.1969
XRPUSDC,1.3527,21986011.5
EOSUSDC,0.7778,544648.4
XLMUSDC,0.1563,12089715
USDCUSDT,0.9999,1492504545
ADATUSD,0.3847,1831521.9
TRXTUSD,0.05986,31456162.6
NEOTUSD,0,0
TRXXRP,0.2367,189201.6
XZCXRP,0,0
PAXTUSD,0,0
USDCTUSD,0,0
USDCPAX,0,0
LINKUSDT,9.03,3919938.13
LINKTUSD,14.423,28155.35
LINKPAX,0,0
LINKUSDC,9.03,696319.61
WAVESUSDT,1.076,435097.68
WAVESTUSD,0,0
WAVESPAX,0,0
WAVESUSDC,0,0
BCHABCTUSD,0,0
BCHABCPAX,0,0
BCHABCUSDC,0,0
BCHSVTUSD,0,0
BCHSVPAX,0,0
BCHSVUSDC,0,0
LTCTUSD,83.07,6906.242
LTCPAX,0,0
LTCUSDC,54.75,18375.378
TRXPAX,0,0
TRXUSDC,0.3204,7145036.4
BTTBTC,0,0
BTTBNB,0,0
BTTUSDT,0,0
BNBUSDSOLD,0,0
BTCUSDSOLD,0,0
USDSOLDUSDT,0,0
USDSOLDPAX,0,0
USDSOLDTUSD,0,0
USDSOLDUSDC,0,0
BTTPAX,0,0
BTTTUSD,0,0
BTTUSDC,0,0
ONGBNB,0,0
ONGBTC,0.00000124,2811242
ONGUSDT,0.08979,68499673
HOTBNB,0,0
HOTUSDT,0.000405,963193982
ZILUSDT,0.00397,107793038.8
ZRXBNB,0,0
ZRXUSDT,0.104,3288613
FETBNB,0.0004111,185137.3
FETBTC,0.00000345,696112.7
FETUSDT,0.2495,67519916.3
BATUSDT,0.1008,3188031
XMRBNB,0.3321,5744.949
XMRUSDT,118.7,5017.379
ZECBNB,0.1026,13618.876
ZECUSDT,371.76,511850.678
ZECPAX,0,0
ZECTUSD,0,0
ZECUSDC,371.65,45218.101
IOSTUSDT,0.001097,113335821
CELRBNB,0.00005294,16293983
CELRBTC,0.00000009,48961565
CELRUSDT,0.002404,133780734.7
ADAPAX,0,0
ADAUSDC,0.2561,17531050.2
NEOPAX,0,0
NEOUSDC,2.798,21414.67
DASHBNB,0.1183,10658.019
DASHUSDT,37.02,387429.643
NANOUSDT,0,0
OMGBNB,0,0
OMGUSDT,0.383,1799285
THETAUSDT,0.176,22869314.2
ENJUSDT,0.0309,1516180067
MITHUSDT,0.00345,121888803.7
MATICBNB,0.000734,1877261.1
MATICBTC,0.00000667,957316.2
MATICUSDT,0.3794,2834467.3
ATOMBNB,0.00739,62383.64
ATOMBTC,0.0000251,11549.43
ATOMUSDT,1.812,1381803.02
ATOMUSDC,1.81,190814.04
ATOMPAX,0,0
ATOMTUSD,0,0
ETCUSDC,8.53,7690.22
ETCPAX,0,0
ETCTUSD,0,0
BATUSDC,0,0
BATPAX,0,0
BATTUSD,0,0
PHBBNB,0,0
PHBBTC,0.00000252,868699.4
PHBUSDC,0,0
PHBTUSD,0,0
PHBPAX,0,0
TFUELBNB,0,0
TFUELBTC,0.00000016,450027
TFUELUSDT,0.01157,22218005
TFUELUSDC,0,0
TFUELTUSD,0,0
TFUELPAX,0,0
ONEBNB,0.00004537,10127379
ONEBTC,0.00000009,210054652
ONEUSDT,0.00219,100345187.8
ONETUSD,0,0
ONEPAX,0,0
ONEUSDC,0,0
FTMBNB,0.0010144,1022064
FTMBTC,0.00000743,1113257
FTMUSDT,0.6994,1858967
FTMTUSD,0,0
FTMPAX,0,0
FTMUSDC,0.6986,2238710
BTCBBTC,0,0
BCPTTUSD,0,0
BCPTPAX,0,0
BCPTUSDC,0,0
ALGOBNB,0.0005825,1560201
ALGOBTC,0.00000157,450489
ALGOUSDT,0.1133,77356153
ALGOTUSD,0,0
ALGOPAX,0,0
ALGOUSDC,0.1134,16964316
USDSBUSDT,0,0
USDSBUSDSOLD,0,0
GTOUSDT,0.01233,41038500.4
GTOPAX,0,0
GTOTUSD,0,0
GTOUSDC,0,0
ERDBNB,0,0
ERDBTC,0,0
ERDUSDT,0,0
ERDPAX,0,0
ERDUSDC,0,0
DOGEBNB,0,0
DOGEBTC,0.00000129,5606452
DOGEUSDT,0.09344,809031536
DOGEPAX,0,0
DOGEUSDC,0.09345,63856962
DUSKBNB,0,0
DUSKBTC,0.00000169,871716
DUSKUSDT,0.1224,14636030
DUSKUSDC,0,0
DUSKPAX,0,0
BGBPUSDC,0,0
ANKRBNB,0.0000856,12482799
ANKRBTC,0.00000009,65072340
ANKRUSDT,0.00538,132471587.9
ANKRTUSD,0,0
ANKRPAX,0,0
ANKRUSDC,0,0
ONTPAX,0,0
ONTUSDC,0.08182,4012240
WINBNB,0.0000001,2072482110
WINBTC,0,0
WINUSDT,0.00001922,4201856942
WINUSDC,0.0000973,871060960
COSBNB,0.00002678,33842569
COSBTC,0.00000008,74102639
COSUSDT,0.001236,737546004.7
TUSDBTUSD,0,0
NPXSUSDT,0,0
NPXSUSDC,0,0
COCOSBNB,0.00559,407128
COCOSBTC,0,0
COCOSUSDT,1.7546,889158
MTLUSDT,0.291,323480.1
TOMOBNB,0,0
TOMOBTC,0.00003699,269026.8
TOMOUSDT,1.3819,811812
TOMOUSDC,0,0
PERLBNB,0,0
PERLBTC,0.00000113,14272400
PERLUSDC,0,0
PERLUSDT,0.0046,67198312.8
DENTUSDT,0.000165,4455196324
MFTUSDT,0.005254,142038277
KEYUSDT,0.001253,97136470
STORMUSDT,0,0
DOCKUSDT,0.0039,116266154
WANUSDT,0.05843,8332390
FUNUSDT,0.000853,6528153774
CVCUSDT,0.03014,4992794
BTTTRX,0,0
WINTRX,0.0000604,23024590
CHZBNB,0.00005735,14607338
CHZBTC,0.00000054,244990
CHZUSDT,0.039,61009385
BANDBNB,0,0
BANDBTC,0.00000297,69865.9
BANDUSDT,0.215,1196757.7
BNBBUSD,251.8,3144.063
BTCBUSD,42769.4,33.23532
BUSDUSDT,1.0003,1691539
BEAMBNB,0,0
BEAMBTC,0.00000716,3740525
BEAMUSDT,0.0652,11189369
XTZBNB,0.002883,737404.8
XTZBTC,0.00000495,59702
XTZUSDT,0.357,2010772.4
RENUSDT,0.04274,11361461
RVNUSDT,0.00578,61569632.7
HCUSDT,0,0
HBARBNB,0.00014952,410776
HBARBTC,0.00000126,4384228
HBARUSDT,0.09021,110070837
NKNBNB,0,0
NKNBTC,0.00000024,7144924
NKNUSDT,0.0073,25288819
XRPBUSD,0.6345,1722786
ETHBUSD,2281.12,336.4817
BCHABCBUSD,0,0
LTCBUSD,72.37,22114.638
LINKBUSD,14.071,67877.09
ETCBUSD,19.03,24075.44
STXBNB,0.000944,626942.4
STXBTC,0.00000313,104538
STXUSDT,0.2245,2632624.8
KAVABNB,0.00276,330645.4
KAVABTC,0.00000074,965435.7
KAVAUSDT,0.05393,6524835.6
BUSDNGN,0,0
BNBNGN,0,0
BTCNGN,99822596,9.4204
ARPABNB,0.0001547,4543066
ARPABTC,0.00000016,36414954
ARPAUSDT,0.00932,98494199.7
TRXBUSD,0.10329,6719896.3
EOSBUSD,0.634,455348.7
IOTXUSDT,0.00464,62397338
RLCUSDT,0.429,930488.4
MCOUSDT,0,0
XLMBUSD,0.1197,6361157
ADABUSD,0.6374,1333751
CTXCBNB,0,0
CTXCBTC,0.00000075,5275766
CTXCUSDT,0.0634,4315072
BCHBNB,0.7319,25.345
BCHBTC,0.006144,639.784
BCHUSDT,443.4,19361.893
BCHUSDC,443.5,4083.406
BCHTUSD,322,978.198
BCHPAX,0,0
BCHBUSD,236,5621.972
BTCRUB,3900027,5.53197
ETHRUB,181477.6,461.2351
XRPRUB,56.31,964621
BNBRUB,22422.22,1382.907
TROYBNB,0.0000106,154371549
TROYBTC,0,0
TROYUSDT,0.000069,1612739544
BUSDRUB,90.39,5171555
QTUMBUSD,2.537,125833.4
VETBUSD,0.0212,30222515.8
VITEBNB,0,0
VITEBTC,0.00000007,43924459
VITEUSDT,0.00086,236768977.4
FTTBNB,0.00513,618063.4
FTTBTC,0.0000856,368274.74
FTTUSDT,0.2992,722394.59
BTCTRY,3209801,109.29228
BNBTRY,27000,1081.547
BUSDTRY,29.33,466723
ETHTRY,98059,4698.7557
XRPTRY,60.27,3619133.8
USDTTRY,44.57,29047216
USDTRUB,91.1,392622
BTCEUR,61615.2,364.43901
ETHEUR,1882.33,5398.6248
BNBEUR,518.71,928.217
XRPEUR,1.1571,1755025.2
EURBUSD,1.0757,1108607.6
EURUSDT,1.1689,17080589.8
OGNBNB,0.000383,8630826
OGNBTC,0.00000034,41108694
OGNUSDT,0.02192,32162768
DREPBNB,0,0
DREPBTC,0.00000039,11917794
DREPUSDT,0.0256,13959700
BULLUSDT,0,0
BULLBUSD,0,0
BEARUSDT,0,0
BEARBUSD,0,0
ETHBULLUSDT,0,0
ETHBULLBUSD,0,0
ETHBEARUSDT,0,0
ETHBEARBUSD,0,0
TCTBNB,0,0
TCTBTC,0.00000016,292984058
TCTUSDT,0.00312,152215525
WRXBNB,0.000398,2499265.1
WRXBTC,0.00000455,2272644.4
WRXUSDT,0.0173,25499366.4
ICXBUSD,0.1642,2089458.2
BTSUSDT,0.0054,49593414.8
BTSBUSD,0,0
LSKUSDT,0.13,331814.6
BNTUSDT,0.2984,681157.4
BNTBUSD,0.3599,659485.1
LTOBNB,0,0
LTOBTC,0.00000003,32167278
LTOUSDT,0.0038,118743621
ATOMBUSD,11.219,25299.57
DASHBUSD,25.83,8979.374
NEOBUSD,6.73,41276.54
WAVESBUSD,2.216,237828.56
XTZBUSD,0.671,543733
EOSBULLUSDT,0,0
EOSBULLBUSD,0,0
EOSBEARUSDT,0,0
EOSBEARBUSD,0,0
XRPBULLUSDT,0,0
XRPBULLBUSD,0,0
XRPBEARUSDT,0,0
XRPBEARBUSD,0,0
BATBUSD,0.1709,1847047
ENJBUSD,0.2607,1843898.9
NANOBUSD,0,0
ONTBUSD,0.1574,2497480
RVNBUSD,0.01525,19269580.2
STRATBUSD,0,0
STRATBNB,0,0
STRATUSDT,0,0
AIONBUSD,0,0
AIONUSDT,0.00943,55771436
MBLBNB,0,0
MBLBTC,0,0
MBLUSDT,0.000952,2079576927
COTIBNB,0.0002123,3436760
COTIBTC,0.00000017,21971871
COTIUSDT,0.01368,18484177
ALGOBUSD,0.2071,3167737
BTTBUSD,0,0
TOMOBUSD,1.7807,153355.8
XMRBUSD,170.2,5823.139
ZECBUSD,25.5,26721.658
BNBBULLUSDT,0,0
BNBBULLBUSD,0,0
BNBBEARUSDT,0,0
BNBBEARBUSD,0,0
STPTBNB,0,0
STPTBTC,0.00000067,8235675
STPTUSDT,0.07042,6539537.4
BTCZAR,1505613,1.37668
ETHZAR,51704,220.5094
BNBZAR,0,0
USDTZAR,16.5,851768
BUSDZAR,18.85,892088
BTCBKRW,0,0
ETHBKRW,0,0
BNBBKRW,0,0
WTCUSDT,0.0103,28831218
DATABUSD,0.02344,15349017.9
DATAUSDT,0.00088,109741867.2
XZCUSDT,0,0
SOLBNB,0.1387,14526.781
SOLBTC,0.0011663,82692.186
SOLUSDT,84.01,2818108.963
SOLBUSD,74.62,9085.48
BTCIDRT,0,0
BNBIDRT,0,0
USDTIDRT,15907,2647776
BUSDIDRT,0,0
CTSIBTC,0.00000042,5580382
CTSIUSDT,0.03053,43134101
CTSIBNB,0.0007983,751171
CTSIBUSD,0.1642,2058324
HIVEBNB,0,0
HIVEBTC,0.00000111,4199032
HIVEUSDT,0.0602,3493511
CHRBNB,0.0004377,1400703
CHRBTC,0.00000056,7345141
CHRUSDT,0.0179,40592344
BTCUPUSDT,16.6,8868.69
BTCDOWNUSDT,0.001185,132744672.7
GXSUSDT,0,0
ARDRUSDT,0.04453,691295
ERDBUSD,0,0
LENDUSDT,0,0
HBARBUSD,0.0602,11139023
MATICBUSD,0.8659,653272.5
WRXBUSD,0.1105,5264861.3
ZILBUSD,0.01583,32650233.9
MDTBNB,0,0
MDTBTC,0.0000003,16685166
MDTUSDT,0.0067,223635322.6
STMXBTC,0.00000016,70625287
STMXETH,0.00000292,118611137
STMXUSDT,0.004565,62904741
KNCBUSD,0.637,588786
KNCUSDT,0.1396,3862928.7
REPBUSD,0,0
REPUSDT,4.73,99565.06
LRCBUSD,0.1728,3246050
LRCUSDT,0.01879,145219844
IQBNB,0,0
IQBUSD,0.00502,112093472
PNTBTC,0.00000864,752691
PNTUSDT,0.035,10778397
BTCGBP,35986.75,48.71855
ETHGBP,1974.32,68.2043
XRPGBP,0.5257,1048897
BNBGBP,267.4,1365.733
GBPBUSD,1.239,1628848.2
DGBBTC,0.00000009,111982867
DGBBUSD,0.00632,39370696.6
BTCUAH,4083721,4.80344
USDTUAH,44.78,75515
COMPBTC,0.000268,11961.608
COMPBNB,0,0
COMPBUSD,45.79,7251.665
COMPUSDT,19.29,138420.083
BTCBIDR,1042508253,28.72418
ETHBIDR,47041943,474.0815
BNBBIDR,3335250,1341.006
BUSDBIDR,15559,2077202
USDTBIDR,15980,874696.2
BKRWUSDT,0,0
BKRWBUSD,0,0
SCUSDT,0.000982,114353921
ZENUSDT,5.879,1155144.1
SXPBTC,0.00000075,5330067.4
SXPBNB,0.00044,1843259.9
SXPBUSD,0.3721,956095.5
SNXBTC,0.00000445,957791.8
SNXBNB,0.01057,88392.8
SNXBUSD,1.936,244167
SNXUSDT,0.297,1908450.2
ETHUPUSDT,11.651,39682.04
ETHDOWNUSDT,0.0457,4099541.97
ADAUPUSDT,0.104,3821679.54
ADADOWNUSDT,0.001917,340525452.4
LINKUPUSDT,0.00608,27401275.94
LINKDOWNUSDT,0.000895,123547301.8
VTHOBNB,0,0
VTHOBUSD,0,0
VTHOUSDT,0.000564,362733037
DCRBUSD,0,0
DGBUSDT,0.00469,38329174.3
GBPUSDT,1.18,180121
STORJBUSD,0.2371,2266509
SXPUSDT,0.0022,259832602.8
IRISBNB,0,0
IRISBTC,0.00000014,19867804
IRISBUSD,0,0
MKRBNB,0,0
MKRBTC,0.01581,344.3623
MKRUSDT,1813.7,244.1798
MKRBUSD,1293,285.6825
DAIBNB,0,0
DAIBTC,0,0
DAIUSDT,0,0
DAIBUSD,0,0
RUNEBNB,0.001885,303077.6
RUNEBTC,0.00000553,21858.2
RUNEBUSD,5.462,233998.1
MANABUSD,0.4388,1913865
DOGEBUSD,0.09742,4298960
LENDBUSD,0,0
ZRXBUSD,0.1689,1419619
DCRUSDT,21.79,32680.868
STORJUSDT,0.0955,5292005
XRPBKRW,0,0
ADABKRW,0,0
BTCAUD,37210.08,39.79558
ETHAUD,2565.09,459.4215
AUDBUSD,0.7255,412067
FIOBNB,0,0
FIOBTC,0.00000012,16606366
FIOBUSD,0.01922,16016126
BNBUPUSDT,61.8,2599.53
BNBDOWNUSDT,0.002151,88637574.64
XTZUPUSDT,0,0
XTZDOWNUSDT,0,0
AVABNB,0,0
AVABTC,0.00000285,194901.4
AVABUSD,0.47,540265.2
USDTBKRW,0,0
BUSDBKRW,0,0
IOTABUSD,0.1431,2813889
MANAUSDT,0.0927,21172526
XRPAUD,0.7,1040195
BNBAUD,421.1,1598.881
AUDUSDT,0.7252,607479
BALBNB,0,0
BALBTC,0.00003122,116258.28
BALBUSD,3.15,109687.48
YFIBNB,0,0
YFIBTC,0.03781,114.33529
YFIBUSD,5325,79.37185
YFIUSDT,2526,101.94772
BLZBUSD,0.0553,5542560
KMDBUSD,0,0
BALUSDT,0.967,239235.66
BLZUSDT,0.0582,15047472
IRISUSDT,0.00521,67787369.1
KMDUSDT,0.0163,12791695
BTCDAI,68628.29,7.18344
ETHDAI,2106.68,2505.7133
BNBDAI,561.9,878.368
USDTDAI,1.0001,9513410.3
BUSDDAI,1,2172338
JSTBNB,0,0
JSTBTC,0.00000096,13427771
JSTBUSD,0.02103,17869733
JSTUSDT,0.06928,61828416
SRMBNB,0.00084,2448101.8
SRMBTC,0.00001523,1055003.5
SRMBUSD,0.0353,10193701.6
SRMUSDT,0.24442,1875814
ANTBNB,0.01764,40075.8
ANTBTC,0.0001432,96573.7
ANTBUSD,4.303,50351.8
ANTUSDT,7.407,74121.7
CRVBNB,0,0
CRVBTC,0.00000312,154187.5
CRVBUSD,0.5041,1200590.5
CRVUSDT,0.2245,20590518.7
SANDBNB,0.000668,346230
SANDBTC,0.00000113,40798
SANDUSDT,0.0794,29889632
SANDBUSD,0.3261,1076328
OCEANBNB,0.001044,472135
OCEANBTC,0.00000964,399752
OCEANBUSD,0.2848,1971068
OCEANUSDT,0.6123,646661
NMRBTC,0.0001061,30354.25
NMRBUSD,11.43,22778.9
NMRUSDT,8.22,153414.47
DOTBNB,0.002182,37508.43
DOTBTC,0.00001835,132386.48
DOTBUSD,7.373,131310.35
DOTUSDT,1.323,6210696.08
LUNABNB,0,0
LUNABTC,0,0
LUNABUSD,0.9442,946490.39
LUNAUSDT,0.0554,11349546.37
IDEXBTC,0.00000035,11715991
IDEXBUSD,0.04879,5071779
RSRBNB,0.00000852,164785652
RSRBTC,0,0
RSRBUSD,0.00184,177583397
RSRUSDT,0.001499,339482991.1
PAXGBNB,6.469,86.6085
PAXGBTC,0.06588,52.1181
PAXGBUSD,1941,479.3954
PAXGUSDT,4747.67,7042.1946
WNXMBNB,0,0
WNXMBTC,0,0
WNXMBUSD,0,0
WNXMUSDT,73.26,2428.38
TRBBNB,0,0
TRBBTC,0.000227,10426.994
TRBBUSD,90.12,4808.74
TRBUSDT,15.03,63289.47
ETHNGN,0,0
DOTBIDR,72297,105230.68
LINKAUD,7.986,99124.7
SXPAUD,0,0
BZRXBNB,0,0
BZRXBTC,0,0
BZRXBUSD,0,0
BZRXUSDT,0,0
WBTCBTC,0.9976,74.1468
WBTCETH,32.63,0.0541
SUSHIBNB,0.002698,351400.4
SUSHIBTC,0.00000297,1390430.3
SUSHIBUSD,0.566,606678.3
SUSHIUSDT,0.1953,1868376.7
YFIIBNB,0,0
YFIIBTC,0.07249,369.4707
YFIIBUSD,0,0
YFIIUSDT,435.5,1767.0523
KSMBNB,0.0908,20868.834
KSMBTC,0.000069,52663.183
KSMBUSD,18.87,16687.533
KSMUSDT,4.26,91342.559
EGLDBNB,0.00666,34466.55
EGLDBTC,0.000054,4381.48
EGLDBUSD,41.53,14981.59
EGLDUSDT,3.9,94910.96
DIABNB,0,0
DIABTC,0.00000285,576187.3
DIABUSD,0.2384,607933.3
DIAUSDT,0.1823,954360.1
RUNEUSDT,0.4,3296559.1
FIOUSDT,0.00482,723874189
UMABTC,0.00000875,590147
UMAUSDT,0.415,1067101.8
EOSUPUSDT,0,0
EOSDOWNUSDT,0,0
TRXUPUSDT,0.03854,3687587.8
TRXDOWNUSDT,1.139,160536.28
XRPUPUSDT,0.0855,2393082.85
XRPDOWNUSDT,0.00008172,1849130081
DOTUPUSDT,0.096,2132641.66
DOTDOWNUSDT,16.737,10609.63
SRMBIDR,0,0
ONEBIDR,0,0
LINKTRY,402.4,27279.82
USDTNGN,1518.4,385539.7
BELBNB,0.002538,422053.7
BELBTC,0.0000015,2704507.9
BELBUSD,0.5356,569376.8
BELUSDT,0.1012,4538425.4
WINGBNB,0,0
WINGBTC,0.0001093,75666.43
SWRVBNB,0,0
SWRVBUSD,0,0
WINGBUSD,5.79,66050.41
WINGUSDT,0.326,906940.49
LTCUPUSDT,0,0
LTCDOWNUSDT,0,0
LENDBKRW,0,0
SXPEUR,0.2654,2812244.9
CREAMBNB,0,0
CREAMBUSD,19.86,21306.549
UNIBNB,0.01464,88310.95
UNIBTC,0.0000438,47658.01
UNIBUSD,4.58,99831.69
UNIUSDT,3.154,3121202.41
NBSBTC,0,0
NBSUSDT,0.00166,336485032.7
OXTBTC,0.00000025,20396354
OXTUSDT,0.0124,208925146
SUNBTC,0,0
SUNUSDT,0.01762,20508669
AVAXBNB,0.01478,54074.67
AVAXBTC,0.0001315,94427.2
AVAXBUSD,38.99,28815.42
AVAXUSDT,9.48,2832253.69
HNTBTC,0.0002357,69127.45
HNTUSDT,4.67,186891.97
BAKEBNB,0.0006028,978631.9
BURGERBNB,0.001536,874653.1
SXPBIDR,0,0
LINKBKRW,0,0
FLMBNB,0,0
FLMBTC,0.00000016,41834750
FLMBUSD,0,0
FLMUSDT,0.0167,16117772
SCRTBTC,0.00000146,4370757.5
SCRTETH,0.000164,478354
CAKEBNB,0.002455,693.28
CAKEBUSD,1.54,379039.43
SPARTABNB,0,0
UNIUPUSDT,0,0
UNIDOWNUSDT,0,0
ORNBTC,0.00001586,290522.4
ORNUSDT,1.053,477794
TRXNGN,0,0
SXPTRY,0.096,511730945
UTKBTC,0.00000045,3505744
UTKUSDT,0.00677,49105072
XVSBNB,0.0045,360.46
XVSBTC,0.0000378,1282.42
XVSBUSD,7.03,46090.98
XVSUSDT,2.71,55603.51
ALPHABNB,0.000299,3967547
ALPHABTC,0.00000035,7073255
ALPHABUSD,0.0771,2477459
ALPHAUSDT,0.0097,42436198
VIDTBTC,0.00000002,106862893
VIDTBUSD,0.02305,26784928
AAVEBNB,0.1517,7664.208
BTCBRL,365167,74.77024
USDTBRL,5.0691,58452131.4
AAVEBTC,0.001271,818.065
AAVEETH,0.04179,240.512
AAVEBUSD,93,4360.017
AAVEUSDT,91.63,107559.493
AAVEBKRW,0,0
NEARBNB,0.001574,99438
NEARBTC,0.00001902,282952.2
NEARBUSD,2.249,241731.5
NEARUSDT,1.371,17641932.1
SXPUPUSDT,0,0
SXPDOWNUSDT,0,0
DOTBKRW,0,0
SXPGBP,0,0
FILBNB,0.00656,138710.15
FILBTC,0.00001267,72542.24
FILBUSD,4.554,66526.18
FILUSDT,0.913,5432121.34
FILUPUSDT,0,0
FILDOWNUSDT,0,0
YFIUPUSDT,0,0
YFIDOWNUSDT,0,0
INJBNB,0.004703,81.9
INJBTC,0.00004148,3664.2
INJBUSD,25.464,38835.583
INJUSDT,2.988,547538.18
AERGOBTC,0.00000257,3384537
AERGOBUSD,0.1003,4114171
LINKEUR,7.73,17412.72
ONEBUSD,0.01505,30696843.2
EASYETH,0,0
AUDIOBTC,0.00000031,16217917.9
AUDIOBUSD,0.1527,2422950.4
AUDIOUSDT,0.01724,53011798.3
CTKBNB,0.000289,91963.8
CTKBTC,0.00000243,70335.1
CTKBUSD,0.534,616601.1
CTKUSDT,0.1759,1103119.1
BCHUPUSDT,0,0
BCHDOWNUSDT,0,0
BOTBTC,0,0
BOTBUSD,0,0
ETHBRL,11155.34,1352.5392
DOTEUR,1.131,155966.41
AKROBTC,0,0
AKROUSDT,0.000981,196396908
KP3RBNB,0.2025,8011.08
KP3RBUSD,45.39,9688.98
AXSBNB,0.001388,182495.41
AXSBTC,0.00001589,20159.32
AXSBUSD,5.88,83545.27
AXSUSDT,1.148,1772564.32
HARDBNB,0.000592,2225172
HARDBTC,0.00000318,1477900
HARDBUSD,0.1091,3685118
HARDUSDT,0.0095,11528516
BNBBRL,3071,228.91
LTCEUR,46.78,3391.337
RENBTCBTC,0,0
RENBTCETH,0,0
DNTBUSD,0.036,20212918
DNTUSDT,0.036,20611766
SLPETH,0.00000028,427281022
ADAEUR,0.2191,2408912
LTCNGN,0,0
CVPETH,0.00032,914382
CVPBUSD,0.343,1225641.4
STRAXBTC,0.00000025,26838730
STRAXETH,0.0003188,992437.2
STRAXBUSD,0.471,1287296.8
STRAXUSDT,0.01332,9493101
FORBTC,0.00000006,93232454
FORBUSD,0.01703,19052168.2
UNFIBNB,0,0
UNFIBTC,0.0000185,137750.2
UNFIBUSD,7.815,35615.5
UNFIUSDT,1.341,287970
FRONTETH,0,0
FRONTBUSD,0.3322,1069503
BCHABUSD,0,0
ROSEBTC,0.00000014,517236
ROSEBUSD,0.06826,8726950.2
ROSEUSDT,0.01024,133294511.5
AVAXTRY,422.4,358277.56
BUSDBRL,4.991,2433651.7
AVAUSDT,0.2056,1539117
SYSBUSD,0.0818,3018102
XEMUSDT,0.01596,19421302
HEGICETH,0,0
HEGICBUSD,0,0
AAVEUPUSDT,0,0
AAVEDOWNUSDT,0,0
PROMBNB,0.01443,92137.94
PROMBUSD,4.424,109569.72
XRPBRL,6.859,359496.2
XRPNGN,0,0
SKLBTC,0.0000001,29951243
SKLBUSD,0.0215,20824424
SKLUSDT,0.00656,189986627
BCHEUR,379.6,197.593
YFIEUR,4835,96.75674
ZILBIDR,253.4,12356996
SUSDBTC,0,0
SUSDETH,0,0
SUSDUSDT,0,0
COVERETH,0,0
COVERBUSD,0,0
GLMBTC,0.0000018,63540
GLMETH,0.0001502,1592812
GHSTETH,0.0008175,456152
GHSTBUSD,0.957,385632.6
SUSHIUPUSDT,0,0
SUSHIDOWNUSDT,0,0
XLMUPUSDT,0,0
XLMDOWNUSDT,0,0
LINKBRL,45.79,9793.78
LINKNGN,0,0
LTCRUB,6383.1,6492.081
TRXTRY,14.27,3537278
XLMEUR,0.1338,986265
DFETH,0,0
DFBUSD,0.036,14913439
GRTBTC,0.00000034,106666
GRTETH,0.00001318,18767526
GRTUSDT,0.02436,35455063
JUVBTC,0.0001377,140070.8
JUVBUSD,2.065,164007.7
JUVUSDT,0.518,1225870.65
PSGBTC,0.0000693,42937.08
PSGBUSD,3.019,132931.62
PSGUSDT,0.841,325360.23
BUSDBVND,0,0
USDTBVND,0,0
1INCHBTC,0.0000013,67066.1
1INCHUSDT,0.0933,3110807.3
REEFBTC,0,0
REEFUSDT,0.000688,579667377
OGBTC,0.0000413,119334.6
OGUSDT,2.598,152065.5
ATMBTC,0.0000944,160029.86
ATMUSDT,1.056,2193236.31
ASRBTC,0.0001339,120189.3
ASRUSDT,1.257,225848
CELOBTC,0.00000113,86622.2
CELOUSDT,0.0817,3256038.2
RIFBTC,0.00000038,15713350
RIFUSDT,0.0353,9446564
CHZTRY,1.741,12149396
XLMTRY,6.972,1526481
LINKGBP,13.173,29241.94
GRTEUR,0.02247,20654669
BTCSTBTC,0.000331,30793.46
BTCSTBUSD,1.16,494604.4
BTCSTUSDT,5.35,121233.48
TRUBTC,0.00000042,9102000
TRUBUSD,0,0
TRUUSDT,0.0072,203645446
DEXEETH,0.001378,104201.39
DEXEBUSD,2.1,70818.25
EOSEUR,0.762,491496.5
LTCBRL,277.4,951.325
USDCBUSD,0.9999,7518551.91
TUSDBUSD,0.9966,2322140
PAXBUSD,0,0
CKBBTC,0,0
CKBBUSD,0.00265,117459832
CKBUSDT,0.001465,270786491
TWTBTC,0.00001229,369587
TWTBUSD,0.7924,448821
TWTUSDT,0.3984,1918994
FIROBTC,0.00002005,91145.6
FIROETH,0,0
FIROUSDT,0.3,1208885.8
BETHETH,0.9996,4197.8517
DOGEEUR,0.07994,5531106
DOGETRY,4.164,32605354
DOGEAUD,0.09449,5681094
DOGEBRL,0.4736,1580545
DOTNGN,0,0
PROSETH,0.000216,1111511
LITBTC,0.00000775,789440.1
LITBUSD,0.812,546421.7
LITUSDT,0.743,1150064.5
BTCVAI,0,0
BUSDVAI,1.015,888945.1
SFPBTC,0.00000372,770434
SFPBUSD,0.5992,563397
SFPUSDT,0.2952,1315242
DOGEGBP,0.07759,1067180
DOTTRY,58.9,169742.42
FXSBTC,0.0000274,169852.8
FXSBUSD,6.964,53357.8
DODOBTC,0.00000021,28059615.1
DODOBUSD,0.1233,3294237.1
DODOUSDT,0.01554,9613153.5
FRONTBTC,0.00001405,307000.5
EASYBTC,0,0
CAKEBTC,0.00002069,49749.32
CAKEUSDT,1.49,1916665.17
BAKEBUSD,0.1426,5300604.3
UFTETH,0.0001694,629896
UFTBUSD,0.2061,2000841
1INCHBUSD,0.2519,1525962.3
BANDBUSD,1.539,283083.6
GRTBUSD,0.1052,3903636
IOSTBUSD,0.007,59313615
OMGBUSD,0.466,858377.4
REEFBUSD,0.001394,313252545.4
ACMBTC,0.0000905,33137.5
ACMBUSD,2.073,225970.1
ACMUSDT,0.409,644673
AUCTIONBTC,0.0000542,82745.48
AUCTIONBUSD,8.04,79831.35
PHABTC,0.00000042,13898151
PHABUSD,0.1034,2934082
DOTGBP,3.015,97031.33
ADATRY,11.41,2540519
ADABRL,1.297,282084.7
ADAGBP,0.513,833927.7
TVKBTC,0.00000145,10026970
TVKBUSD,0.02043,18870516
BADGERBTC,0.00000903,277014.65
BADGERBUSD,2.079,143608.4
BADGERUSDT,0.762,232079.55
FISBTC,0.00000021,11697397
FISBUSD,0.2438,1663335
FISUSDT,0.0191,10613884
DOTBRL,8.2,211362.97
ADAAUD,0.5054,1194900
HOTTRY,0.01816,638791742
EGLDEUR,3.34,1919.81
OMBTC,0.0000008,3530920.3
OMBUSD,0.01891,17786965
OMUSDT,0.0669,8174967.2
PONDBTC,0.0000001,41498038
PONDBUSD,0.00936,17503444.31
PONDUSDT,0.00227,41493072
DEGOBTC,0.0000354,118718.66
DEGOBUSD,1.347,282713.36
DEGOUSDT,0.298,9001858.56
AVAXEUR,8.11,14709.37
BTTTRY,0,0
CHZBRL,0.3021,6648978
UNIEUR,4.856,77207.23
ALICEBTC,0.00000631,636316.59
ALICEBUSD,0.726,318736.38
ALICEUSDT,0.1139,8037467.92
CHZBUSD,0.0746,9099464
CHZEUR,0.053,5958300
CHZGBP,0.0572,8382951
BIFIBNB,0,0
BIFIBUSD,359.6,879.917
LINABTC,0.00000008,110461503
LINABUSD,0.010131,28768149.03
LINAUSDT,0.000337,533020119
ADARUB,34.49,651837.7
ENJBRL,1.328,939629.7
ENJEUR,0.1946,1626862.8
MATICEUR,0.3444,1869510.3
NEOTRY,125.3,34205.82
PERPBTC,0.0000043,546277.78
PERPBUSD,0.54698,569156.07
PERPUSDT,0.125,774608.56
RAMPBTC,0,0
RAMPBUSD,0,0
RAMPUSDT,0,0
SUPERBTC,0.00000167,286628
SUPERBUSD,0.0727,5572901
SUPERUSDT,0.1209,23703828
CFXBTC,0.00000073,1184315
CFXBUSD,0.154,5280880
CFXUSDT,0.05265,36823938
ENJGBP,0.3676,2301404.2
EOSTRY,30.52,1232938.6
LTCGBP,63.56,5499.108
LUNAEUR,0,0
RVNTRY,0.2574,9039388.42
THETAEUR,0.614,591167.5
XVGBUSD,0.003651,72227848.2
EPSBTC,0,0
EPSBUSD,0,0
EPSUSDT,0,0
AUTOBTC,0.00324,3596.383
AUTOBUSD,95.1,6096.019
AUTOUSDT,95.3,5659.442
TKOBTC,0.00000397,421832.5
TKOBIDR,3360,1061502.5
TKOBUSD,0.2082,1268234.5
TKOUSDT,0.0563,7881829.9
PUNDIXETH,0.0001666,937176.8
PUNDIXUSDT,0.1469,654346.9
BTTBRL,0,0
BTTEUR,0,0
HOTEUR,0.001789,156712368.6
WINEUR,0.00001644,154323908
TLMBTC,0.00000006,58909971
TLMBUSD,0.00941,20589713
TLMUSDT,0.00164,563143418
1INCHUPUSDT,0,0
1INCHDOWNUSDT,0,0
BTGBUSD,17.62,35462.13
BTGUSDT,17.65,40036.54
HOTBUSD,0.001058,417729341.6
BNBUAH,26372,327.46
ONTTRY,3.655,11094140
VETEUR,0.006204,2172299
VETGBP,0.0143,30612046.41
WINBRL,0.0006576,2276879149
MIRBTC,0.00000838,2876176.2
MIRBUSD,0.13237,5001654.2
MIRUSDT,0.14168,3601038.7
BARBTC,0.000141,24912.62
BARBUSD,2.533,156574.83
BARUSDT,0.537,408506.21
FORTHBTC,0.0000189,69438.5
FORTHBUSD,3.027,143318.34
FORTHUSDT,0.237,1458632.38
CAKEGBP,2.714,292835.09
DOGERUB,6.94,3421738
HOTBRL,0,0
WRXEUR,0,0
EZBTC,0,0
EZETH,0,0
BAKEUSDT,0.0519,13600840.9
BURGERBUSD,0.3208,1313688.6
BURGERUSDT,0.0172,10439094.1
SLPBUSD,0.001487,374786359
SLPUSDT,0.000591,944463114
TRXAUD,0,0
TRXEUR,0.2739,697020
VETTRY,0.3221,11565803.4
SHIBUSDT,0.00000595,1.35285E+12
SHIBBUSD,0.00000931,1.18834E+11
ICPBTC,0.0000356,54523.01
ICPBNB,0.0168,36058.14
ICPBUSD,3.897,112269.85
ICPUSDT,2.564,2465583.82
SHIBEUR,0.0000051,12576148238
SHIBRUB,0,0
ETCEUR,20,34311.87
ETCBRL,0,0
DOGEBIDR,955,5506437
ARBTC,0.000024,45222.78
ARBNB,0.02183,54257.7
ARBUSD,3.852,88008.66
ARUSDT,1.73,1105410.01
POLSBTC,0.00001859,332915
POLSBNB,0.00265,373927.9
POLSBUSD,0.2567,1607283.2
POLSUSDT,0.3079,917240.7
MDXBTC,0.00000077,5120286
MDXBNB,0,0
MDXBUSD,0.0644,4640111.6
MDXUSDT,0.0345,8965485.1
MASKBNB,0.002727,207874.9
MASKBUSD,3.587,131453.9
MASKUSDT,0.448,2023532.1
LPTBTC,0.000028,5561.16
LPTBNB,0.00356,104365.65
LPTBUSD,6.16,35434.39
LPTUSDT,2.015,232591.73
ETHUAH,97990,138.2007
MATICBRL,2.125,1635369.1
SOLEUR,71.88,38478.021
SHIBBRL,0.00003016,4923102880
AGIXBTC,0.00000969,911170
ICPEUR,2.193,20647.26
MATICGBP,0.819,552506.1
SHIBTRY,0.0002651,1.45254E+11
MATICBIDR,8382,505124.6
MATICRUB,76.47,494469.1
NUBTC,0,0
NUBNB,0,0
NUBUSD,0,0
NUUSDT,0,0
XVGUSDT,0.004788,390693605
RLCBUSD,0,0
CELRBUSD,0.01148,27457485
ATMBUSD,2.42,159803.83
ZENBUSD,7.19,25237.44
FTMBUSD,0.4218,2031452
THETABUSD,0.616,460526.6
WINBUSD,0.0000694,6178613508
KAVABUSD,0.624,556641
XEMBUSD,0,0
ATABTC,0.00000023,10043006
ATABNB,0.000369,6073202
ATABUSD,0.0792,3369618
ATAUSDT,0.009,30013816
GTCBTC,0.00000688,131945
GTCBNB,0,0
GTCBUSD,0.952,267659.5
GTCUSDT,0.079,2004045.7
TORNBTC,0.0002398,63975.37
TORNBNB,0,0
TORNBUSD,1.69,437105.81
TORNUSDT,4.06,115850.15
MATICTRY,12.92,1232915.5
ETCGBP,0,0
SOLGBP,88.08,5908.13
BAKEBTC,0.00000043,9307672
COTIBUSD,0.03732,8527467
KEEPBTC,0,0
KEEPBNB,0,0
KEEPBUSD,0,0
KEEPUSDT,0,0
SOLTRY,3743.2,32526.986
RUNEGBP,1.278,582950.2
SOLBRL,425.9,12312.455
SCBUSD,0.003664,113624629
CHRBUSD,0.1085,3586756
STMXBUSD,0.005851,95081250
HNTBUSD,1.228,396825.95
FTTBUSD,1.13,469445.85
DOCKBUSD,0.01527,23751133
ADABIDR,3965,1301076.2
ERNBNB,0.00669,181108.7
ERNBUSD,1.471,364225
ERNUSDT,2.183,297375.7
KLAYBTC,0.00000185,4324145.7
KLAYBNB,0.000618,1517760
KLAYBUSD,0.1354,2398668.5
KLAYUSDT,0.1255,6918382.8
RUNEEUR,3.762,145182.3
MATICAUD,1.2141,443380.4
DOTRUB,493.5,55887.51
UTKBUSD,0.0561,8410870
IOTXBUSD,0.02148,24475083
PHAUSDT,0.0381,28797138
SOLRUB,5467,7965.53
RUNEAUD,0,0
BUSDUAH,41.12,2615012
BONDBTC,0.00003108,75015.06
BONDBNB,0,0
BONDBUSD,4.262,72984.12
BONDUSDT,2.152,338710.59
MLNBTC,0.0001128,25727.895
MLNBNB,0,0
MLNBUSD,15.73,25666.433
MLNUSDT,3.29,74548.398
GRTTRY,1.088,3427177
CAKEBRL,0,0
ICPRUB,0,0
DOTAUD,6.631,104218.71
AAVEBRL,0,0
EOSAUD,0,0
DEXEUSDT,8.319,227765.71
LTOBUSD,0.0559,7650109
ADXBUSD,0.1334,2303726
QUICKBTC,0.00000074,5263304
QUICKBNB,0,0
QUICKBUSD,74.1,3326.885
C98USDT,0.0224,20456083.9
C98BUSD,0.1343,2612447.6
C98BNB,0.000805,2790397.5
C98BTC,0.00000162,2601480.3
CLVBTC,0.00000029,20418104.5
CLVBNB,0.0002643,6676729.7
CLVBUSD,0.03282,14094939.7
CLVUSDT,0.02937,13386084.7
QNTBTC,0.0010432,431.139
QNTBNB,0.4015,3857.107
QNTBUSD,85.5,4525.487
QNTUSDT,75.04,16127.338
FLOWBTC,0.00000096,5959771.23
FLOWBNB,0.002474,452954.68
FLOWBUSD,0.513,1172292.94
FLOWUSDT,0.03302,29417209.4
XECBUSD,0.000031,20056993751
AXSBRL,38.36,42155.28
AXSAUD,8.66,118796.11
TVKUSDT,0.05405,18996930
MINABTC,0.00000095,2793292.6
MINABNB,0.001666,629546.9
MINABUSD,0.3779,1539769.4
MINAUSDT,0.0559,16051812.9
RAYBNB,0.003868,134230.8
RAYBUSD,0.1701,2680866.2
RAYUSDT,0.637,1311864.3
FARMBTC,0.000751,11181.804
FARMBNB,0,0
FARMBUSD,21.12,14560.83
FARMUSDT,11.93,9229.525
ALPACABTC,0.00000234,889912
ALPACABNB,0,0
ALPACABUSD,0.1439,1887034.8
ALPACAUSDT,0.2244,1179708.9
TLMTRY,0.0731,286610242
QUICKUSDT,0.00994,6792519
ORNBUSD,0.5519,595813
MBOXBTC,0.00000102,4025880.1
MBOXBNB,0.000692,1292181.4
MBOXBUSD,0.209,1134110.4
MBOXUSDT,0.0127,36679983.3
VGXBTC,0.00002524,731685.7
VGXETH,0.000348,745115
FORUSDT,0.00306,112283124
REQUSDT,0.0675,1002572
GHSTUSDT,0.108,1012047
TRURUB,2.98,5655512
FISBRL,1.781,1103128.3
WAXPUSDT,0.0066,33855287
WAXPBUSD,0.0417,7016198
WAXPBNB,0.0001706,6299750
WAXPBTC,0.00000009,39437942
TRIBEBTC,0,0
TRIBEBNB,0,0
TRIBEBUSD,0.2057,3318990
TRIBEUSDT,0.2018,2401137
GNOUSDT,122.9,825.177
GNOBUSD,0,0
GNOBNB,0,0
GNOBTC,0,0
ARPATRY,0.4148,46790081
PROMBTC,0.0000896,57465.96
MTLBUSD,1.353,314254.6
OGNBUSD,0.1129,6194266.6
XECUSDT,0.000007,20935603424
C98BRL,1.308,1890440.6
SOLAUD,28.48,27051.976
XRPBIDR,7835,897298.4
POLYBUSD,0.27,3471499.2
ELFUSDT,0.2272,2922677.5
DYDXUSDT,0.099,13993246.44
DYDXBUSD,3.771,159108.04
DYDXBNB,0.003333,48441.65
DYDXBTC,0.00000169,1846814.8
ELFBUSD,0.3403,2980424.5
POLYUSDT,0.2696,5552157.1
IDEXUSDT,0.00199,164208495.7
VIDTUSDT,0.00115,148266713
SOLBIDR,311087,17618.4757
AXSBIDR,72500,16445.458
BTCUSDP,19435.03,181.51433
ETHUSDP,1344.37,2576.3586
BNBUSDP,282.09,16507.64
USDPBUSD,1,7335780.67
USDPUSDT,1.0001,160223
GALAUSDT,0.00309,733672179
GALABUSD,0.02957,21508535
GALABNB,0.00002877,17251338
GALABTC,0.00000009,117627635
FTMBIDR,3413,2780492.1
ALGOBIDR,0,0
CAKEAUD,0,0
KSMAUD,0,0
WAVESRUB,0,0
SUNBUSD,0.00544,63242557
ILVUSDT,3.87,75472.496
ILVBUSD,39.06,6415.371
ILVBNB,0.179,8109.763
ILVBTC,0.000059,78590.196
RENBUSD,0.045398,7299238
YGGUSDT,0.03821,14632625.8
YGGBUSD,0.4053,1042061
YGGBNB,0.000687,2185132.7
YGGBTC,0.00000058,9801143.5
STXBUSD,0.6756,738056.4
SYSUSDT,0.01122,30112021
DFUSDT,0.00164,62177606
SOLUSDC,84.02,526908.583
ARPARUB,4.928,6826810
LTCUAH,3191,6509.124
FETBUSD,0.4915,2012362
ARPABUSD,0.0466,8537365.2
LSKBUSD,0.844,318508.4
AVAXBIDR,266752,20002.42
ALICEBIDR,29103,453162.16
FIDAUSDT,0.01628,95997894.8
FIDABUSD,0.1782,2778882.5
FIDABNB,0,0
FIDABTC,0.00000028,16777917.8
DENTBUSD,0.000707,315319274
FRONTUSDT,0.88,632357
CVPUSDT,0.0339,10302989.3
AGLDBTC,0.0000031,1320728.3
AGLDBNB,0,0
AGLDBUSD,0.827,263381.3
AGLDUSDT,0.26,2258951.1
RADBTC,0.00001387,452348.4
RADBNB,0.01032,196334.9
RADBUSD,1.321,323766.6
RADUSDT,0.223,2528114.2
UNIAUD,0,0
HIVEBUSD,0.2758,1103493
STPTBUSD,0.04185,8247075.4
BETABTC,0.00000067,5895964
BETABNB,0.000335,2819362
BETABUSD,0.06354,5971388
BETAUSDT,0.00036,453655672
SHIBAUD,0.00001121,82769407396
RAREBTC,0.00000025,12120658.2
RAREBNB,0.000691,4183927
RAREBUSD,0.0596,5879400.1
RAREUSDT,0.0155,263879917.5
AVAXBRL,48.4,1596.46
AVAXAUD,17.91,43919.1
LUNAAUD,0,0
TROYBUSD,0.002269,253139938
AXSETH,0.0007778,434992.118
FTMETH,0.0002148,913401.4
SOLETH,0.03814,11054.688
SSVBTC,0.00004191,140831.02
SSVETH,0.001299,82836.47
LAZIOTRY,30.69,97508.32
LAZIOEUR,2.548,183909.25
LAZIOBTC,0.00003995,49069.87
LAZIOUSDT,0.688,490491.04
CHESSBTC,0.00000272,1411627.3
CHESSBNB,0,0
CHESSBUSD,0.12,3045226.7
CHESSUSDT,0.00281,52870057.5
FTMAUD,0.42,2331607
FTMBRL,1.923,812973.3
SCRTBUSD,0.2629,1214540.8
ADXUSDT,0.0766,6316988
AUCTIONUSDT,4.73,57690.68
CELOBUSD,0.47,1145068.6
FTMRUB,36.85,457823.7
NUAUD,0,0
NURUB,0,0
REEFTRY,0.02349,214599289
REEFBIDR,0,0
SHIBDOGE,0.0000629,32676370855
DARUSDT,0.21707,3335747
DARBUSD,0.07995,2485073
DARBNB,0.00037248,2054055
DARBTC,0.00000157,1177101
BNXBTC,0.00000384,938556
BNXBNB,0.001227,685188.2
BNXBUSD,0.2743,1492223.9
BNXUSDT,1.7819,433970.9
RGTUSDT,0,0
RGTBTC,0,0
RGTBUSD,0,0
RGTBNB,0,0
LAZIOBUSD,1.644,287115.64
OXTBUSD,0.0513,7155496
MANATRY,4.15,4645525.2
ALGORUB,12.6,2236567.5
SHIBUAH,0,0
LUNABIDR,0,0
AUDUSDC,0.6477,2547764
MOVRBTC,0.0000263,122138.323
MOVRBNB,0,0
MOVRBUSD,3.69,96331.85
MOVRUSDT,1.223,547153.709
CITYBTC,0.0000603,29169.05
CITYBNB,0.01454,123700.01
CITYBUSD,2.964,116321.73
CITYUSDT,0.513,803345.06
ENSBTC,0.0001035,86993.54
ENSBNB,0.03091,42171.59
ENSBUSD,6.96,40241.93
ENSUSDT,5.81,204643.9
SANDETH,0.0001466,998662.7
DOTETH,0.0006012,4922.8
MATICETH,0.0001616,1459701.3
ANKRBUSD,0.01906,26083827.2
SANDTRY,3.55,1398225
MANABRL,1.661,646456.9
KP3RUSDT,16.48,22226.5
QIUSDT,0.00149,234661983
QIBUSD,0.00507,64191544
QIBNB,0,0
QIBTC,0.00000012,45219694
PORTOBTC,0.00002103,113020.14
PORTOUSDT,0.983,85515.56
PORTOTRY,43.95,41176.04
PORTOEUR,2.715,180501.05
POWRUSDT,0.0666,3448485
POWRBUSD,0.1504,3120724
AVAXETH,0.004308,3479.89
SLPTRY,0.02637,336419044
FISTRY,0,0
LRCTRY,0.825,34097186.8
CHRETH,0.0000708,2135735.8
FISBIDR,0,0
VGXUSDT,0.018,29163929.9
GALAETH,0.00000137,1233528
JASMYUSDT,0.00535,111728158.6
JASMYBUSD,0.003593,151524213.9
JASMYBNB,0.00001767,113194352.5
JASMYBTC,0.00000017,418405153.9
AMPBTC,0.0000001,563486155
AMPBNB,0,0
AMPBUSD,0.001429,235010255
AMPUSDT,0.000906,401732995
PLABTC,0.00000465,4144964.73
PLABNB,0.0006968,2088718.43
PLABUSD,0.1477,3360787.47
PLAUSDT,0.2347,3506608.82
PYRBTC,0.00000512,785591.117
PYRBUSD,3.903,82231.642
PYRUSDT,0.255,3305101.705
RNDRBTC,0.0001032,162508.06
RNDRUSDT,7.03,233254.93
RNDRBUSD,3.04,178054.59
ALCXBTC,0.0002373,15859.0222
ALCXBUSD,10.73,31342.3177
ALCXUSDT,5.07,15713.6067
SANTOSBTC,0.00001524,22962.91
SANTOSUSDT,1.104,853858.82
SANTOSBRL,20,66817.29
SANTOSTRY,49.17,700300.52
MCBTC,0.000014,907098.16
MCBUSD,0.2657,1286179.42
MCUSDT,0.4861,1286633.32
BELTRY,4.51,3855410.51
COCOSBUSD,1.7589,507808
DENTTRY,0.00736,5718703714
ENJTRY,1.378,883575644.3
NEORUB,734,16734.891
SANDAUD,0.6359,482520
SLPBIDR,32.3,191087864
ANYBTC,0,0
ANYBUSD,0,0
ANYUSDT,0,0
BICOBTC,0.00000047,9577835.71
BICOBUSD,0.2514,1795450.06
BICOUSDT,0.0235,16738392.79
FLUXBTC,0.00000105,1279256.88
FLUXBUSD,0.3265,1057548.89
FLUXUSDT,0.0578,7350537.44
ALICETRY,5.07,6201369.773
FXSUSDT,0.812,558461.2
GALABRL,0.019,114961742.7
GALATRY,0.1382,82450021.9
LUNATRY,2.472,6158703.6
REQBUSD,0.0633,4162815
SANDBRL,1.807,1123361.05
MANABIDR,10781,391477.27
SANDBIDR,6598,1674014.78
VOXELBTC,0.00000216,2096972.9
VOXELBNB,0.0006934,1643219.5
VOXELBUSD,0.1325,2507674.7
VOXELUSDT,0.014,11872226.6
COSBUSD,0.00517,65629238.1
CTXCBUSD,0.115,3658687
FTMTRY,24.82,870135.17
MANABNB,0.00155,1846196.32
MINATRY,2.49,7507397.41
XTZTRY,15.87,5221.95
HIGHBTC,0.00001415,128755.105
HIGHBUSD,1.421,223250.831
HIGHUSDT,0.133,2712077.526
CVXBTC,0.0000855,17341.32
CVXBUSD,2.597,96987.246
CVXUSDT,1.785,188947.412
PEOPLEBTC,0.00000011,12624291
PEOPLEBUSD,0.0095,39657948.3
PEOPLEUSDT,0.0071,179689503.8
OOKIBUSD,0.001629,207589497
OOKIUSDT,0.000119,5406517123
COCOSTRY,36.66,577629.38
GXSBNB,0,0
LINKBNB,0.01249,63495.17
LUNAETH,0,0
MDTBUSD,0.04578,7863294.9
NULSBUSD,0.1785,1974407
SPELLBTC,0,0
SPELLUSDT,0.0001605,1017716428
SPELLBUSD,0.0003973,705230629
USTBTC,0,0
USTBUSD,0,0
USTUSDT,0,0
JOEBTC,0.00000058,1969361.39
JOEBUSD,0.2188,1221960.01
JOEUSDT,0.0505,52580528.45
ATOMETH,0.000773,162904.158
DUSKBUSD,0.1431,1658026
EGLDETH,0.001762,2624.0677
ICPETH,0.001176,70381.241
LUNABRL,0,0
LUNAUST,0,0
NEARETH,0.0005157,276727.746
ROSEBNB,0.0001534,26362867.6
VOXELETH,0.0002022,1789033.14
ALICEBNB,0.00524,279843.95
ATOMTRY,81,15811.378
ETHUST,0,0
GALAAUD,0.0396,15117964
LRCBNB,0.000839,1819151.92
ONEETH,0.00000617,31628959.6
OOKIBNB,0.00001491,178907953
ACHBTC,0.0000001,38068904
ACHBUSD,0.01646,31739645
ACHUSDT,0.00593,57354699
IMXBTC,0.00000237,891133.31
IMXBUSD,0.6508,418453.56
IMXUSDT,0.1473,4580743.44
GLMRBTC,0.00000027,12808651.4
GLMRBUSD,0.2065,2182571.1
GLMRUSDT,0.0111,39708381.7
ATOMBIDR,0,0
DYDXETH,0,0
FARMETH,0,0
FORBNB,0,0
ICPTRY,114.4,54707.171
JASMYETH,0.00000302,132437793
LINABNB,0,0
OOKIETH,0.00000251,116741642
ROSEETH,0.00001645,7044621.7
UMABUSD,1.327,262115.9
UNIETH,0.001432,2605.434
XTZETH,0.00044,530737.37
LOKABTC,0.00000102,5288280
LOKABNB,0.0010427,1037187.8
LOKABUSD,0.1849,1425202.3
LOKAUSDT,0.1237,7317699.5
ATOMBRL,66.35,51921.43
BNBUST,0,0
CRVETH,0.0002078,1074487.56
HIGHBNB,0.004557,195163.82
NEARRUB,183.4,279242.165
ROSETRY,0.4572,22046935.8
SCRTUSDT,0.0912,6736055.2
API3BTC,0.00000453,957046.72
API3BUSD,1,348415.75
API3USDT,0.2832,2254829.16
BTTCUSDT,0.00000033,4.41845E+12
BTTCUSDC,0.00000078,1.73405E+11
BTTCTRY,0.00001438,2.03474E+11
ACABTC,0.00000032,18840159.62
ACABUSD,0.0464,9602993.47
ACAUSDT,0.0018,135352800.7
ANCBTC,0.00000186,9828343.8
ANCBUSD,0.02872,19455033.42
ANCUSDT,0.03151,19984596.8
BDOTDOT,0.9982,1037633.841
XNOBTC,0.00000809,276573.9
XNOETH,0.0005017,481207.7
XNOBUSD,0.663,474284.48
XNOUSDT,0.449,508139.01
COSTRY,0.0551,610860371
KAVAETH,0.0003066,395706.52
MCBNB,0.000698,1808919.22
ONETRY,0.0982,15153258.4
WOOBTC,0.00000064,8381591.2
WOOBNB,0.001141,1311865.8
WOOBUSD,0.1645,3250014.5
WOOUSDT,0.0178,21358004.8
CELRETH,0.00000789,74050930
PEOPLEBNB,0.00004675,26097185
SLPBNB,0.00000884,362409451
SPELLBNB,0,0
SPELLTRY,0.00716,433081060
TFUELBUSD,0.0439,11533546
AXSTRY,51.2,136434.513
DARTRY,7.666,4862679.69
NEARTRY,61,194101.038
IDEXBNB,0.0001982,4837911.1
ALPINEEUR,2.196,159581.3
ALPINETRY,18.29,397022.92
ALPINEUSDT,0.41,589191.03
ALPINEBTC,0.00002994,68461.92
TUSDT,0.00621,18525621
TBUSD,0.02312,23031234.4
API3BNB,0,0
BETAETH,0.00003349,3076850.7
INJTRY,134,36609.64
TLMBNB,0,0
ASTRBUSD,0.05,7356293.9
ASTRUSDT,0.007653,35893568
API3TRY,12.67,353383.93
GLMRBNB,0.001021,1277746.5
MBOXTRY,0.565,36175174.71
NBTBIDR,39.1,34454232
NBTUSDT,0.00252,80951403
GMTBTC,0.00000021,23430567.4
GMTBNB,0.000769,1325538.8
GMTBUSD,0.227,534596.6
GMTUSDT,0.01057,39389859.7
ANCBNB,0.0001288,15487517.41
ATOMEUR,1.55,5509.42
GALAEUR,0.00313,92756318
KSMETH,0.02114,24705.8245
UMATRY,18.53,164425.24
KDABTC,0.00000005,26567497.64
KDABUSD,0.42,751838.37
KDAUSDT,0.006,60759603.02
APEUSDT,0.0897,11901874.74
APEBUSD,1.423,335471.81
APEBTC,0.00000214,2136720.86
ALPINEBUSD,1.749,279298.11
LUNAGBP,0,0
NEAREUR,1.171,70569.5
TWTTRY,17.78,144393.46
WAVESEUR,1.354,285812.4
APEEUR,1.508,411936.15
APEGBP,3.305,171944.51
APETRY,4,2429824.742
BSWUSDT,0.0112,49262095.8
BSWBUSD,0.067,6075080.5
BSWBNB,0.0002987,4571374.4
APEBNB,0.005277,281223.485
GMTBRL,1.325,1017498.7
GMTETH,0.0001015,1933527.7
JASMYTRY,0.239,14043463
SANTOSBUSD,2.917,207122.65
APEAUD,4.072,228033.4
BIFIUSDT,70.3,24574.065
GMTEUR,0.0098,5502344.5
IMXBNB,0.002362,516649.02
RUNEETH,0.000193,1084608.666
AVAXGBP,14.18,24240.28
MULTIBTC,0.00003673,43023.006
MULTIBUSD,2.097,169218.31
MULTIUSDT,0.834,395753.038
APEETH,0.0002919,381624.394
BSWETH,0.0001366,1899279.6
FILTRY,40.68,206805.019
FTMEUR,0.6809,838392
GMTGBP,0.2107,1426295
ZILTRY,0.1772,3817669.8
GMTTRY,0.471,5300574.73
WAVESTRY,36.02,402674.543
BTCUST,0,0
ASTRBTC,0.00000011,34411373.5
ASTRETH,0.00003108,10440664.2
BSWTRY,0.449,73627311.03
FTTETH,0.001141,566422.536
FUNBNB,0.00001888,36037071
PORTOBUSD,1.757,238732.4
STEEMUSDT,0.05889,2551824.2
ZILEUR,0.02063,32909760.9
APEBRL,22.16,100839.7
AUDIOTRY,0.769,40632159.14
BTTCBUSD,0.00000045,1.66158E+12
GMTAUD,0.5695,602879.9
MBLBUSD,0.002658,119679589
MOBUSDT,0.0623,5434478.18
MOBBUSD,0.55,1012863.67
MOBBTC,0.00000094,4578407.2
NEXOUSDT,0.884,509488.3
NEXOBUSD,0.627,410593.52
NEXOBTC,0.00001225,324722.76
REIUSDT,0.00401,20139913.5
REIBNB,0.0000821,12307065.6
REIETH,0.00001928,8767765.5
GALUSDT,2.542,500864.042
GALBUSD,1.351,381255.412
GALBNB,0.004893,229292.827
GALBTC,0.00004073,147038.828
JASMYEUR,0.004568,108265657.1
KNCBNB,0.00255,603115.81
SHIBGBP,0.00000696,84820329654
GALEUR,0.995,459372.218
GALTRY,84.24,170034.864
LDOBUSD,1.744,289159.41
LDOUSDT,0.322,6330403.44
LDOBTC,0.00000585,947165.99
ENSTRY,260.7,6631.597
DAREUR,0.12133,2464096
DARETH,0.0001014,4097796.4
ALGOETH,0.00004447,2829825.4
ALGOTRY,5.057,2563747.3
GALETH,0.000762,323010.1
EPXUSDT,0.0000194,14958973905
EPXBUSD,0.0001698,1918052600
RUNETRY,31.38,669565.49
GALBRL,8.68,227731.6
STEEMBUSD,0.1847,2232405.7
CVCBUSD,0.0688,7069811
REIBUSD,0.03079,8889771
DREPBUSD,0.2536,1925412
AKROBUSD,0.00618,88740635
PUNDIXBUSD,0.3336,1255876.1
LUNCBUSD,0.000171,3011566219
USTCBUSD,0.0132658,192468822
OPBTC,0.00000159,20167.75
OPBUSD,1.803,345828.24
OPUSDT,0.1151,24449512.34
OGBUSD,4.416,133064.3
KEYBUSD,0.00543,66044463
ASRBUSD,2.159,154765.4
FIROBUSD,1.441,241114.3
NKNBUSD,0.0972,2949711
OPBNB,0.002818,247976.1
OPEUR,0.102,2188789.45
GTOBUSD,0.02863,43130727.9
SNXETH,0.000768,126146.3
WBTCBUSD,40760.13,11.7261
BELETH,0.0004117,642487.5
LITETH,0.0003551,531027
LEVERUSDT,0.000175,2049068736
LEVERBUSD,0.001308,379102394
BURGERETH,0.00045,542703.54
PEOPLEETH,0.00000668,28602122
UNFIETH,0.002241,86398.59
BONDETH,0.002665,120120.718
STORJTRY,4.26,1111210.7
OPETH,0.0001002,1350741.96
ETCTRY,380.3,918.697
WINGETH,0.003521,63114.198
FILETH,0.0004469,1547150.15
GLMBUSD,0.1786,2150519.7
SSVBUSD,15.74,31927.839
STGBTC,0.00000203,1200781.9
STGBUSD,0.414,1030053.2
STGUSDT,0.2047,1884924.2
ANKRTRY,0.2396,33785738
ARKBUSD,0.5356,1134502
BETHBUSD,1551.73,357.6662
LOOMBUSD,0.04003,12962405
SNMBUSD,0.0147,36412233
AMBBUSD,0.00796,55535329
LUNCUSDT,0.00003776,29488921619
PHBBUSD,0.6588,537500
GASBUSD,9.216,73510.8
NEBLBUSD,0.354,1489932.6
PROSBUSD,0.315,1155020
VIBBUSD,0.04217,7420353
GMXBTC,0.000332,5122.789
GMXBUSD,31.67,16217.247
GMXUSDT,5.77,101272.333
AGIXBUSD,0.29947,2050805
NEBLUSDT,0.355,1354564.6
SNTBUSD,0.02283,18678026
POLYXBTC,0.00000063,9931872
POLYXBUSD,0.1217,4707729.8
POLYXUSDT,0.0498,8652855.5
APTBTC,0.00001191,110490.38
APTUSDT,0.855,7650775.11
APTBUSD,7.3198,75110.21
BTCPLN,261913,2.76301
ETHPLN,8001,29.769
BUSDPLN,4.065,1445334
APTEUR,0.732,19584.33
APTTRY,38.2,366790.69
APTBRL,39.76,29224.87
QKCBUSD,0.008695,70989211
OSMOBTC,0.00000884,611695.67
OSMOUSDT,0.0318,4164670.48
OSMOBUSD,0.464,725529.07
HFTBTC,0.00000031,12070032.6
HFTBUSD,0.2589,1300085.9
HFTUSDT,0.0137,45980969.2
ARPAETH,0.00002363,8230954
PHBUSDT,0.092,4218618.3
VITEBUSD,0.01726,26547565.5
HOOKBTC,0.00000788,179272
HOOKUSDT,0.0078,62674418.1
HOOKBUSD,0.8941,385172.3
HOOKBNB,0.0031953,353969.8
MAGICBTC,0.00000086,2901349.8
MAGICBUSD,0.5585,678315.7
MAGICUSDT,0.062,88342874.6
BUSDRON,4.628,1094865
HIFIETH,0.0002531,416319.8
HIFIUSDT,0.127,7092566
RPLBTC,0.000641,2739.17
RPLBUSD,24.17,14834.56
RPLUSDT,1.74,92936.75
PROSUSDT,0.0372,2618284
FETTRY,11.12,7258672.4
GFTBUSD,0.02911,20165738
AGIXUSDT,0.6141,1275587
APTETH,0.000388,2990.45
BTCRON,382301,5.74498
GNSUSDT,0.729,152836.32
GNSBTC,0.0000721,19088.7
SYNBTC,0.00001152,305145
SYNUSDT,0.0485,14377604.1
VIBUSDT,0.00223,85327486
SSVUSDT,2.21,155855.281
LQTYUSDT,0.276,809108.8
LQTYBTC,0.00000841,260971.2
AMBUSDT,0.00032,1122634366
BETHUSDT,1556.27,547.0158
CFXTRY,2.345,1683626
STXTRY,10.01,233151.2
USTCUSDT,0.00474,91557574
GASUSDT,1.75,623077
GLMUSDT,0.13,783058.1
PROMUSDT,1.04,264149.11
QKCUSDT,0.003061,20592951
UFTUSDT,0.0089,10771660
IDBTC,0.00000075,10541037
IDBNB,0.0009493,883993
IDUSDT,0.0312,14707142
ARBBTC,0.00000151,3157269.9
ARBUSDT,0.1083,99077473.2
AGIXTRY,20.14,725427
LOOMUSDT,0.04831,12058322
OAXUSDT,0.0358,4783896
ARBTUSD,0.0939,869.2
ARBTRY,4.85,8292576.8
ARBEUR,0.0927,116392.1
IDTUSD,0.88208,168027
IDTRY,1.389,3606795
IDEUR,0.18769,2033621
LDOTUSD,2.467,76232.33
MATICTUSD,0.5043,666066
OPTUSD,2.997,66727.39
SOLTUSD,85.03,163.692
SSVTUSD,45.55,3553.393
RDNTBTC,0.00000107,4018919
RDNTUSDT,0.00328,286862377
RDNTTUSD,0.301,559713
ARBRUB,95.1,305267.8
JOETRY,12.22,739038.1
MAGICTRY,2.77,37086409
USDTPLN,3.637,322820
ACHTRY,0.2636,38382736
XVSTRY,246.8,14301.79
EGLDRON,25,14048.5
USDTRON,4.598,548371
USDTARS,1473.3,1753212
DOGETUSD,0.16547,1441468
WBTCUSDT,71863.62,31.33355
EDUUSDT,0.0456,57143835
EDUTUSD,1.06098,64824
EDUBNB,0.0018105,183042
EDUBTC,0.00000324,803247
EDUEUR,0.47455,1457749
EDUTRY,2.02,39378008
SUIUSDT,0.9373,26671431.9
SUITUSD,4.0669,293638.9
SUIBTC,0.00001301,304982.2
SUIBNB,0.001545,25503.3
SUIEUR,0.8017,219350
SUITRY,41.73,996018.6
AERGOUSDT,0.0635,1511928
RNDRTRY,233.63,161974.4
PEPEUSDT,0.00000357,9.5041E+12
PEPETUSD,0.00002351,37096841314
FLOKIUSDT,0.00002886,67701161060
FLOKITUSD,0.00003203,5428437542
OGTRY,115.9,74418.56
PEPETRY,0.00015907,1.8253E+12
WBETHETH,1.0942,696.4473
ASTUSDT,0.0261,3856728
SNTUSDT,0.0272,12387737
FLOKITRY,0.001285,17037271454
CITYTRY,23,57087.74
COMBOUSDT,0.0276,10075449.9
COMBOBNB,0.002272,410606.2
COMBOTRY,1.05,27698860.8
LTCTRY,2441,1447.105
RADTRY,9.94,915514.7
BTCARS,106200583,0.60677
OPTRY,5.14,1574769.33
PAXGTRY,211587,412.5555
MAVBTC,0.00000026,16190402
MAVUSDT,0.0147,100385674
MAVTUSD,0.2194,1323985
CFXTUSD,0.2212,1395642
PENDLEBTC,0.00001488,19495.7
PENDLEUSDT,1.072,2258246.2
PENDLETUSD,2.7044,25545.1
MAVTRY,0.66,71777436
OCEANTRY,20.1,650726
TUSDTRY,35.34,820171
ARBETH,0.0000492,1636630.4
BCHTRY,19812,46.573
XVGTRY,0.2134,117529973
XVGTUSD,0.006269,36717466
ARKMUSDT,0.102,14045901.1
ARKMTUSD,1.151,455130.5
ARKMTRY,4.53,3017278.9
ARKMBNB,0.000218,1969354
ARKMBTC,0.00000202,1479918.5
WBETHUSDT,2409.02,349.1951
ACATRY,0.076,406929448
AVAXTUSD,27.66,23140.95
COMPTUSD,84.22,3039.5
COMPTRY,856,16472.561
XECTRY,0.0003134,4148784266
QUICKTUSD,0.04668,2958544
WLDUSDT,0.2713,48215851.6
WLDBTC,0.00000377,1182522.1
BNBFDUSD,606.01,3203.301
FDUSDBUSD,1,1478698
FDUSDUSDT,0.9997,24358440
ARKMRUB,40.11,1043132
WLDTRY,12.09,4086492.3
WLDRUB,218.3,181102.9
AMPTRY,0.0404,179695126
OGNTRY,0.978,14849340
BTCFDUSD,72051.73,858.38902
ETHFDUSD,2200.9,10314.5621
ASRTRY,56.12,74533.7
ATMTRY,47.04,1328752.7
ACMTRY,18.2,111745.1
BARTRY,23.99,229584.3
JUVTRY,23.03,214317.3
PSGTRY,37.55,192237.6
SEIBNB,0.0001134,2338513.2
SEIBTC,0.00000077,420807.5
SEIFDUSD,0.1058,7784671.5
SEITRY,2.498,4432394.1
SEIUSDT,0.0559,47153397.7
CYBERBNB,0.000819,398.13
CYBERBTC,0.00000705,24442.62
CYBERFDUSD,0.514,5867.56
CYBERTRY,22.7,214649.01
CYBERUSDT,0.508,983281.32
CYBERTUSD,3.765,70134.25
SEITUSD,0.3633,339145.5
LPTTRY,89.8,43806.06
UNITRY,141.1,34041.27
SOLFDUSD,84.04,122796.523
TOMOTRY,40.26,705765.5
UNFITRY,46.1,236412.46
XRPFDUSD,1.3531,3605749.7
DOGEFDUSD,0.09346,24772226
CYBERETH,0.00025,1508.38
MTLTRY,38.8,756789
ARKUSDT,0.1704,287679
CREAMUSDT,2.1,184081.172
GFTUSDT,0.00196,244649653
IQUSDT,0.001079,125446375
USDTVAI,1.013,725947.9
ARBFDUSD,0.2091,1806370.6
FDUSDTRY,44.54,386812
FRONTTRY,30.14,588404.5
SUIFDUSD,0.9375,797440.2
NTRNBTC,0.00000621,589326.3
NTRNUSDT,0.0016,203127314.5
NTRNBNB,0.00002,8750020.8
FILFDUSD,0.913,44117.49
FRONTTUSD,0.9138,432555
LEVERTRY,0.00702,2234325090
LTCFDUSD,54.71,2634.964
ADAFDUSD,0.256,813637.8
RUNETUSD,5.501,85489.6
TRBTRY,672,3604.009
ATOMFDUSD,1.814,7302.13
AVAXFDUSD,9.48,17796.83
BANDTRY,37.91,175274
BCHFDUSD,443.6,301.293
LOOMTRY,1.654,3366224
MATICFDUSD,0.3795,1360750.3
ALGOFDUSD,0.1214,2641975
DOTFDUSD,1.322,38405.21
FTMFDUSD,0.7008,1447466
LINKFDUSD,9.03,102424.87
NEARFDUSD,0.977,314943.7
STRAXTRY,0.593,744955
TIABTC,0.00000427,6995.07
TIAUSDT,0.3072,5787110.53
TIATRY,13.69,1634911.33
MEMEBNB,0.00004107,13618079
MEMEUSDT,0.000518,687580072
MEMEFDUSD,0.001136,89036233
MEMETUSD,0.02722,18202233
MEMETRY,0.0231,271181636
ORDIBTC,0.00004822,123661.96
ORDIUSDT,2.451,354432.36
ORDITRY,109.2,34667.89
EGLDFDUSD,7.3,33975.65
FETFDUSD,0.2787,1104978.2
GASFDUSD,2.785,30490.8
INJETH,0.001559,100984.05
INJTUSD,26.23,22102.63
OPFDUSD,0.3422,2539677.48
ORDIFDUSD,5.159,168808.03
ORDITUSD,36.89,10513.05
RNDRFDUSD,7.029,123726.21
SHIBTUSD,0.00001766,19616647495
BEAMXUSDT,0.001828,225152031
ARKTRY,7.61,27282.1
BEAMXTRY,0.0817,15633725
CAKETRY,66.45,38024.38
CAKETUSD,2.774,160217.32
DYDXFDUSD,0.1757,3827461.92
PIVXUSDT,0.0876,4778311
RUNEFDUSD,0.744,265200.2
TIATUSD,6.4,49462.84
DOTTUSD,7.098,68277.83
GALAFDUSD,0.00398,123097100
WLDFDUSD,0.2714,736704.5
GASTRY,78.1,49392.5
NTRNTRY,0.07,331432840.3
VICBTC,0.00000276,744785.44
VICUSDT,0.0484,4545223.33
VICTRY,2.16,3342015.21
BLURBTC,0.00000117,2547380.4
BLURUSDT,0.02307,551341999.5
BLURTRY,1.029,293207939.4
BLURFDUSD,0.209,1118400.4
SUPERFDUSD,0.6012,229957
USTCFDUSD,0.01829,17751203
USTCTRY,0.2107,28186714
DYDXTRY,4.42,177695.27
VANRYUSDT,0.005265,41848558
VANRYBTC,0.00000027,10769935
BTCAEUR,51466.5,11.26458
AEURUSDT,1.158,18812.5
ETHAEUR,2700,842.1107
EURAEUR,1.0831,454168.8
AUCTIONFDUSD,8.45,33203.44
IOTAFDUSD,0.1404,1621616
LUNCTRY,0.001683,19010053732
SUPERTRY,5.39,3985992.2
JTOUSDT,0.2922,2943920
JTOFDUSD,0.2981,2389134.7
JTOTRY,13.05,719488.6
1000SATSUSDT,0.00001114,47683515119
1000SATSFDUSD,0.00001706,1518753327
1000SATSTRY,0.000497,21011737259
SHIBFDUSD,0.00000596,16815897014
SANDFDUSD,0.1157,612009
MEMEETH,0.00000576,23450233
IOTATRY,2.571,726703
INJFDUSD,2.987,5158.45
FIDATRY,0.725,45703495.8
BONKUSDT,0.00000595,1.01014E+12
BONKFDUSD,0.00000595,11553450198
BONKTRY,0.0002654,1.69519E+11
ACEFDUSD,2.022,135806.3
ACEUSDT,0.12,7672158
ACEBNB,0.00894,62262.8
ACEBTC,0.00002169,136408.9
ACETRY,5.39,3429511
BLZFDUSD,0.126,1552314
RARETRY,0.691,232634948
VANRYTRY,0.2348,12850637
NFPBTC,0.00000025,22389374
NFPUSDT,0.01402,55390311
NFPBNB,0.000562,869281
NFPFDUSD,0.026,11455488
NFPTUSD,0.3975,896488
NFPTRY,0.6236,16504526
ARBUSDC,0.1083,16467571
AVAXUSDC,9.48,241582.98
DOTUSDC,1.322,1675585.07
INJUSDC,2.99,128284.03
MATICUSDC,0.3791,2896964.8
OPUSDC,0.1151,3633332.22
ORDIUSDC,2.45,24117.47
AIBTC,0.0000004,10837042.3
AIUSDT,0.0196,138191219.5
AIBNB,0.0000471,6323352.9
AIFDUSD,0.0346,3423448.1
AITUSD,0.514,185491.3
AITRY,0.88,43153727.3
ICPFDUSD,2.565,3285.07
LDOFDUSD,0.3222,88990.05
MOVRTRY,54.7,210844.833
XAIBTC,0.00000089,2669836.6
XAIUSDT,0.00947,87043516
XAIBNB,0.001038,512826.4
XAIFDUSD,0.0613,5906789.9
XAITUSD,0.8986,430674
XAITRY,0.4225,44275807.2
SKLTRY,0.293,63299502
STXFDUSD,0.2982,1270004.8
TIAFDUSD,0.4422,451907.62
MANTABTC,0.00000099,6281159.8
MANTAUSDT,0.06421,8665302.9
MANTABNB,0.00157,448506.8
MANTAFDUSD,0.06405,233420.4
MANTATRY,2.871,1308160.3
ENSFDUSD,9.49,25628.59
ETCFDUSD,8.53,3103.08
SUIUSDC,0.9375,11205390
TIAUSDC,0.3074,527301.43
CHZFDUSD,0.0876,6250553
MANTAUSDC,0.06419,361461
ALTBTC,0.0000001,14586
ALTUSDT,0.00679,180397393
ALTBNB,0.0000102,85483
ALTFDUSD,0.01196,17772679
ALTTRY,0.303,55321698
APTFDUSD,0.856,92080.69
BLURUSDC,0.02299,20930882.2
JUPUSDT,0.1638,10366155.6
JUPFDUSD,0.165,82395.2
JUPTRY,7.33,363307
ALTUSDC,0.00679,14001474
MAGICFDUSD,0.905,209535.1
SEIUSDC,0.0561,12763005.1
PYTHBTC,0.00000069,522553.9
PYTHUSDT,0.0497,58836634
PYTHFDUSD,0.0652,13943283.2
PYTHTRY,2.216,13957981.7
RONINBTC,0.00000135,2438255.31
RONINUSDT,0.0888,4370818.56
RONINFDUSD,0.141,194785.29
RONINTRY,3.95,279322.24
DYMBTC,0.00001452,143230.6
DYMUSDT,0.0205,345384256.6
DYMFDUSD,1.34,127477.2
DYMTRY,0.915,383863865
JUPUSDC,0.1639,1176038.9
PENDLEFDUSD,2.172,274128.5
PIXELBTC,0.00000146,1273406.7
PIXELBNB,0.000228,2073360.2
PIXELUSDT,0.00779,782375960
PIXELFDUSD,0.1553,4365487.9
PIXELTRY,0.347,501404551.7
STRKBTC,0.00000149,5283801.04
STRKUSDT,0.0342,52614413.97
STRKFDUSD,0.074,7238554.62
STRKTRY,1.53,5665767.11
FILUSDC,0.913,576008.52
HBARTRY,4.025,2248203
PENDLETRY,47.8,120897.8
WLDUSDC,0.2716,4277205.4
CKBTRY,0.0652,38411998
COTITRY,0.6103,4060829
LDOTRY,14.35,541939.34
UNIUSDC,3.154,202785.12
PORTALBTC,0.0000002,16867638.5
PORTALUSDT,0.00865,34051008.4
PORTALBNB,0.0000204,14114628.3
PORTALFDUSD,0.0181,13353014.5
PORTALTRY,0.3859,23020880.8
PDABTC,0.00000079,3489129.3
PDAUSDT,0.00977,52449576.3
AXLBTC,0.00000065,1326701.98
AXLUSDT,0.0468,17881388.04
AXLFDUSD,0.6106,790388.58
AXLTRY,2.09,4876609.05
PEPEFDUSD,0.00000357,52797481472
PIXELUSDC,0.0078,76517875.1
STRKUSDC,0.0343,6499591.21
UNIFDUSD,3.155,29622.95
OMTRY,2.94,15384168.2
THETATRY,7.85,3266869.9
WIFBTC,0.00000278,407532.14
WIFUSDT,0.201,24621394.91
WIFFDUSD,0.2,893147.93
WIFTRY,8.92,1562802.7
AGIXFDUSD,0.6188,513900
PEPEUSDC,0.00000357,1.67666E+12
SHIBUSDC,0.00000595,88710727860
THETAFDUSD,0.71,580087.6
ARTRY,77.1,39480.48
METISBTC,0.000539,4206.29
METISUSDT,2.97,199157.291
METISFDUSD,49.49,2046.651
METISTRY,133,11819.65
BNBJPY,96497,2650.8076
BTCJPY,11469879,958.705366
ETHJPY,350460,4724.71167
FLOKIFDUSD,0.00002873,464437456
GRTFDUSD,0.02686,19380916
NEARUSDC,1.37,2147642.5
SNXTRY,13.23,338591.5
AEVOBTC,0.00000044,6904029.08
AEVOUSDT,0.0236,28520484.9
AEVOBNB,0.000777,608539.52
AEVOFDUSD,0.04,8600738.52
AEVOTRY,1.06,9005793.89
FETUSDC,0.2495,14358183.9
IMXTRY,38.57,219600.38
EURUSDC,1.1692,23249414.8
BOMETRY,0.0181,388340367
BOMEBTC,0.00000006,103929904
BOMEUSDT,0.000404,2032801904
BOMEFDUSD,0.000595,118469665
ETHFIBTC,0.0000079,288930.4
ETHFIUSDT,0.446,7045461.9
ETHFIBNB,0.002523,342767.4
ETHFIFDUSD,0.723,348332.5
ETHFITRY,19.9,1759322.7
AAVETRY,4082,2533.674
ARKMFDUSD,0.134,3538168.1
CRVTRY,10.01,664791.7
FETBRL,4.33,397521.9
RAYFDUSD,1.154,436482.7
RNDREUR,6.475,72170.61
BONKUSDC,0.00000596,1.30439E+11
FLOKIUSDC,0.00002886,3378303008
MKRTRY,75292,175.7021
RAYTRY,28.38,203778.6
RNDRBRL,39.58,51948.95
ENABTC,0.00000127,168357.24
ENAUSDT,0.0914,140570923.5
ENABNB,0.0001987,3168818.28
ENAFDUSD,0.0916,1094333.12
ENATRY,4.072,21348862.37
LQTYFDUSD,0.651,158330.8
MASKTRY,20.01,106269.6
PENDLEUSDC,1.072,628636.5
RDNTTRY,0.145,180363030
WBTC,0.00000046,5198455.9
WUSDT,0.0135,112332022.3
WFDUSD,0.0196,16518659.8
WTRY,0.604,24022431
BOMEUSDC,0.000405,276483245
JTOUSDC,0.2929,366886
WIFUSDC,0.201,4989154.35
TNSRBTC,0.00000142,2681095.5
TNSRUSDT,0.0488,462455631
TNSRFDUSD,0.1241,1410200.5
TNSRTRY,2.18,408582213.6
SAGABTC,0.0000004,631181.6
SAGAUSDT,0.0284,24077162.3
SAGABNB,0.000052,4431364.6
SAGAFDUSD,0.0284,1399765.9
SAGATRY,1.27,14446380.2
USDTMXN,17.39,1740368
CKBUSDC,0.001477,18854614
ENAUSDC,0.0914,28241228.26
ETHFIUSDC,0.446,4717178.3
YGGUSDC,0.03828,509796.9
USDTCZK,22.9,501611
TAOBTC,0.004621,1971.9758
TAOUSDT,333.2,989877.2254
TAOFDUSD,333.7,923.177
TAOTRY,14846,4372.238
CFXUSDC,0.05269,9428340
RNDRUSDC,7.041,51181.22
RUNEUSDC,0.4,3258707.1
SAGAUSDC,0.0284,6495403.8
POLYXTRY,2.22,646684.3
OMNIBTC,0.0000349,138856.43
OMNIUSDT,3.88,281147.77
OMNIBNB,0.01361,44366.12
OMNIFDUSD,3.87,140266.15
OMNITRY,160.7,338248.22
APTUSDC,0.855,1231335.35
GALAUSDC,0.0031,92104990
OMNIBRL,40.2,61456.67
STXUSDC,0.2244,601216
ICPUSDC,2.564,551031.56
OMNIUSDC,3.88,224350.39
PEPEBRL,0.0000181,39592169960
YGGTRY,6.2,2463356.8
ADAJPY,40.79,3120631.8
SHIBJPY,0.000955,1851950227
SOLJPY,13382,12006.158
XRPJPY,215.43,2710682.7
REZBTC,0.00000018,30984135.2
REZUSDT,0.00369,186181621.8
REZBNB,0.0000831,6759547.9
REZFDUSD,0.03438,3461744.2
REZTRY,0.165,180961848.6
EGLDTRY,173.9,2524.41
PHBTRY,4.11,1035074.8
RSRTRY,0.0669,43313420
BBBTC,0.00000044,6944172.8
BBUSDT,0.0243,19795696.4
BBBNB,0.0000492,12179170.2
BBFDUSD,0.0318,8796140.1
BBTRY,1.083,12453445
FRONTUSDC,0.883,579321.4
PEOPLETRY,0.317,36842016
TRBUSDC,15.06,7563.47
NOTUSDT,0.000362,1096125463
NOTBNB,0.00001353,33182957
NOTFDUSD,0.000363,4290495
NOTTRY,0.0162,178258850
ARKMUSDC,0.102,1893818.9
ARUSDC,1.73,78105.21
BBUSDC,0.0243,2082686.9
CRVUSDC,0.2246,3032728.3
PEOPLEUSDC,0.0071,16673258.5
ARFDUSD,3.73,90773.4
ENAEUR,0.277,1490183.8
PEPEEUR,0.00000306,94734230645
REZUSDC,0.00369,19938414.7
TRBFDUSD,59.44,3005.815
USDCTRY,44.56,5360559
BTCMXN,1253330,5.653912
XRPMXN,23.6,3777.2
ENSUSDC,5.82,15927.51
LDOUSDC,0.3227,425761.16
NOTUSDC,0.000362,321212060
NEARBRL,6.98,12478.4
HIGHTRY,5.95,463829.16
PEOPLEFDUSD,0.00651,3839480.9
TNSRUSDC,0.0489,60521669.1
USDTCOP,3640,591792
IOBTC,0.00000178,1702926.42
IOUSDT,0.102,10566094.33
IOBNB,0.000166,1304559.13
IOFDUSD,0.158,819715.04
IOTRY,4.56,1819825.93
NOTBRL,0.03755,32621384
TRUTRY,0.322,271544106
WIFEUR,0.173,47127.77
ZKBTC,0.00000033,7185229
ZKUSDT,0.01545,81067604.2
ZKFDUSD,0.03492,7504100.2
ZKTRY,0.689,17769648.7
LISTAUSDT,0.0828,18912541.2
LISTABNB,0.0002013,1442743.8
LISTAFDUSD,0.1687,1859697.5
LISTATRY,3.69,2853786.7
ZROBTC,0.00002808,344196.08
ZROUSDT,1.999,2769705.46
ZROFDUSD,1.999,92700.44
ZROTRY,89.5,97719.41
LISTABRL,2.176,783493.3
BAKETRY,2.14,21614203
WIFBRL,1.73,1202032
ZKUSDC,0.01544,13183972.8
ZROUSDC,1.999,477955.44
IOUSDC,0.103,1309535.83
1000SATSUSDC,0.00001115,844871218
BNXTRY,65.3,525383.9
ETHARS,3255145,8.66844
GUSDT,0.00392,500464123
GTRY,0.174,186195388
BANANABTC,0.0000675,72671.919
BANANAUSDT,3.44,76859.112
BANANABNB,0.00645,37517.475
BANANAFDUSD,3.43,709.864
BANANATRY,154,35254.176
RENDERBTC,0.00002867,35676.83
RENDERUSDT,2.065,4020834.15
RENDERFDUSD,1.27,235977.58
RENDERUSDC,2.064,774474.35
RENDERTRY,92.1,261612.48
RENDEREUR,1.778,37398.36
RENDERBRL,10.58,13542.79
TONBTC,0.00001714,261975.32
TONUSDT,1.265,10887555.46
TONFDUSD,1.267,165582.89
TONTRY,56.4,183784.46
BONKBRL,0.00003047,51960546297
NOTEUR,0.00283,83073256
DOGEJPY,14.89,3099016
MATICJPY,54.46,1432269.5
NEARJPY,218.9,39002.8
TONUSDC,1.266,767757.85
AAVEFDUSD,171.75,2053.816
DOGSUSDT,0.0000282,8184771038
DOGSBNB,0.00000064,705926265
DOGSFDUSD,0.0000435,9429361400
DOGSTRY,0.00126,1002339341
EUREURI,1,7360455.7
EURIUSDT,1.1689,1368149.2
DOGSBRL,0.001006,865432777
DOGSUSDC,0.0000283,528584947
RAREBRL,0.6869,1756673.6
RAREUSDC,0.0155,27600024.4
SLFBTC,0.00000016,11673016.1
SLFTRY,0.85,29240426.1
SLFUSDC,0.0201,18522191.7
SLFUSDT,0.0208,14359265
AAVEUSDC,91.64,18238.592
SUNTRY,0.7872,858259
STMXTRY,0.1652,202355297
POLBNB,0.0001444,350634.1
POLBRL,0.444,192258.2
POLBTC,0.00000121,307804.4
POLETH,0.00003968,584596.4
POLEUR,0.075,813433.2
POLFDUSD,0.0875,1267675.3
POLJPY,13.95,205573.5
POLTRY,3.92,2313766.7
POLUSDC,0.0876,6939053.5
POLUSDT,0.0876,78713935.9
NEIROUSDT,0.00005956,31167810621
TURBOUSDT,0.001088,4314941763
1MBABYDOGEUSDT,0.0003971,807942517
CATIUSDT,0.0473,5076029.4
CATIBNB,0.000456,753224.8
CATIFDUSD,0.0742,1260627.1
CATITRY,2.11,2121258.1
1MBABYDOGEFDUSD,0.0006145,1177643766
1MBABYDOGETRY,0.01771,55275377
CATIBRL,1.91,574680.7
BTCEURI,61640,6.57542
NEIROFDUSD,0.0001395,944273428
NEIROTRY,0.00266,8494739024
HMSTRUSDT,0.0001408,1527232584
HMSTRBNB,0.00000387,112226469
HMSTRFDUSD,0.0002386,1535329435
HMSTRTRY,0.00628,1480195679
EIGENBTC,0.00000311,1090000.58
EIGENUSDT,0.166,12062015.62
EIGENFDUSD,0.166,136102.63
EIGENTRY,7.38,4180508.15
NEIROBRL,0.002053,631161137
NEIROEUR,0.00034972,1021245820
BNSOLSOL,1.1059,2594.343
SCRUSDT,0.04342,7462363.1
SUIBRL,4.75,15135.1
TURBOTRY,0.0484,2356775516
BNSOLUSDT,93,5181.355
LUMIAUSDT,0.0775,3604618.47
SCRBTC,0.00000077,4631771.1
SCRFDUSD,0.076,1694676.7
SCRTRY,1.944,914865.9
KAIAUSDT,0.0473,14410169.9
COWUSDT,0.2159,1263717.6
CETUSUSDT,0.01983,17198877.4
PNUTUSDT,0.0431,24759663.5
ACTUSDT,0.0125,58859980.4
ACTTRY,0.56,17819111.5
COWTRY,9.65,98487.9
CETUSTRY,0.883,6541503.2
TROYTRY,0.0024,3416546403
PNUTTRY,1.92,9676273.2
ACTFDUSD,0.0241,12907826.1
ACTUSDC,0.0125,5247638.2
NEIROUSDC,0.00005951,1845921659
PNUTBTC,0.0000008,7970172.1
PNUTFDUSD,0.0718,2153685
PNUTUSDC,0.0431,2052046.5
USUALUSDT,0.01266,40177892.1
ACTBRL,0.322,1572654.4
ACTEUR,0.0352,6796313.7
CATIUSDC,0.048,163728.1
ETHEURI,1883.62,24.3816
LUMIATRY,3.445,2314593.13
PNUTBRL,0.732,2749023
PNUTEUR,0.0479,8385560.6
APEFDUSD,0.2147,1912820.12
FDUSDUSDC,0.9999,11821938
HBARUSDC,0.09021,22828486
OMUSDC,0.0674,4221759.4
RAYUSDC,0.637,376507.2
TAOUSDC,333.3,55040.5449
TURBOFDUSD,0.002309,131563216
THEBTC,0.00000283,1078421.6
THEBNB,0.0006043,600396.6
THEFDUSD,0.3318,1719840.8
THETRY,4.537,6288946.2
THEUSDT,0.1018,9824091.8
APEUSDC,0.0896,4116655.19
BOMEEUR,0.000928,249750635
EIGENUSDC,0.166,1943311.76
HBARFDUSD,0.09129,403882
MEMEUSDC,0.000518,187640417
TROYUSDC,0.000065,3339535203
WLDEUR,0.2326,226841.5
1MBABYDOGEUSDC,0.0003978,82470317
CETUSUSDC,0.01995,3657199
COWUSDC,0.2167,54198.5
DYDXUSDC,0.0992,1874632.95
HMSTRUSDC,0.0001408,146879866
TURBOUSDC,0.001088,535834789
ENABRL,0.605,5106508.78
EOSFDUSD,0.7747,191223.5
KAIAUSDC,0.0474,322519.9
SANDUSDC,0.0794,4408074
XLMFDUSD,0.1555,7255
CHZUSDC,0.03901,4143039
PYTHUSDC,0.0497,9920183.9
RSRUSDC,0.001499,94658391.3
RSRFDUSD,0.005744,38113414.6
WUSDC,0.0136,23983991.5
XTZUSDC,0.3578,267356.2
ACXUSDT,0.0428,10623440.2
ORCAUSDT,0.901,606152.93
MOVEBTC,0.00000038,8323182.3
MOVEUSDT,0.0181,40350620.5
MOVEBNB,0.0000379,4221672.6
MOVEFDUSD,0.1272,2397548.6
MOVETRY,0.808,2549346.8
MEBTC,0.00000398,632284.65
MEUSDT,0.1049,8357078.62
MEFDUSD,0.1128,1167677.58
METRY,4.67,2863762.57
ACXUSDC,0.0431,314232.3
ORCAUSDC,0.901,136256.19
ACXFDUSD,0.1791,1446288.5
ORCAFDUSD,2.116,120160.49
ACXTRY,1.91,808366
ORCATRY,40.2,34671.49
KSMTRY,192,721.055
CELOTRY,3.64,233677.5
HIVEFDUSD,0.2369,1311982
HIVEUSDC,0.0604,121479
IDEXFDUSD,0.02222,9470536
IDEXUSDC,0.00198,13912609.4
TLMFDUSD,0.00415,91129725
TLMUSDC,0.00164,21415800
VELODROMEUSDT,0.01498,17230382.1
VANAUSDT,1.311,418449.14
VANABNB,0.00866,51694.13
VANAFDUSD,1.459,133859.31
VANATRY,58.4,51290.6
1000CATUSDT,0.00171,162434384.1
1000CATBNB,0.0000087,25422177.4
1000CATFDUSD,0.00773,10689462.1
1000CATTRY,0.076,62775490.4
PENGUUSDT,0.00667,1479719140
PENGUBNB,0.00000732,36232489
PENGUFDUSD,0.009872,10732136
PENGUTRY,0.2973,146050508
USUALBTC,0.00000031,12944141.3
USUALFDUSD,0.0475,5738425.4
USUALTRY,0.567,17857387.7
1000CATUSDC,0.00171,6167306
PENGUUSDC,0.006669,173233136
BIOUSDT,0.0184,95921065.3
BIOBNB,0.00005038,14805797.4
BIOFDUSD,0.042,6850781.9
BIOTRY,0.82,31794296.9
BIOUSDC,0.0184,15699241.4
HIVETRY,2.7,1842986.5
MOVEUSDC,0.0181,2961790.6
PHATRY,1.7,9751667
SUSHITRY,8.74,21645
DUSDT,0.01096,315756513
DTRY,0.488,299099370
APTJPY,136.8,13796.64
SUIJPY,149.25,448947.45
XLMJPY,24.94,199192.8
PEPEJPY,0.000569,34696528766
PHAUSDC,0.0381,2861777
USDCPLN,3.635,2395346
STEEMUSDC,0.05923,84478.4
USUALUSDC,0.01268,8494920.8
AIXBTUSDT,0.0262,136037638.5
AIXBTUSDC,0.0262,17436924.8
CGPTUSDT,0.02071,19867892.4
CGPTUSDC,0.02069,1965137.6
COOKIEUSDT,0.0171,16284980.3
COOKIEUSDC,0.0171,2019638.8
SBTC,0.00000058,159894.4
SBNB,0.00006904,207676.3
SETH,0.00002311,3668791.3
SEUR,0.03609,899019.2
SFDUSD,0.04374,3760574.9
STRY,1.87,4242728.4
SUSDC,0.04192,2709506.5
SUSDT,0.0419,34379312.8
IOTXJPY,0.742,13399084
SEIJPY,8.91,373096
SOLVUSDT,0.00462,1033783739
SOLVBNB,0.00000763,51456592
SOLVFDUSD,0.00392,10741606
SOLVTRY,0.205,1409181894
TRUMPUSDT,2.961,4172734.928
TRUMPUSDC,2.963,476399.002
AIXBTTRY,1.17,46382537.8
TRUMPTRY,131.9,448717.69
ANIMEUSDT,0.00462,271137633.2
ANIMEUSDC,0.00462,7561240.8
ANIMEBNB,0.0000324,13490760.5
ANIMEFDUSD,0.01729,21783439.3
ANIMETRY,0.206,24170997.5
BERABTC,0.00000657,649123.728
BERAUSDT,0.426,4581038.028
BERAUSDC,0.426,561835.072
BERAFDUSD,0.393,529577.678
BERABNB,0.000708,392538.001
BERATRY,18.97,775333.084
1000CHEEMSUSDT,0.000448,1808157453
1000CHEEMSUSDC,0.000449,44767923
TSTUSDT,0.0084,40744950.8
TSTUSDC,0.00842,4314368.2
LAYERBTC,0.00000173,1836004.27
LAYERUSDT,0.0828,7734105.9
LAYERUSDC,0.0824,201178.45
LAYERBNB,0.000236,2008196.08
LAYERFDUSD,0.1653,3819868.39
LAYERTRY,3.69,3413713.17
QTUMTRY,41.5,28686.1
TRUMPEUR,2.527,5545.443
VTHOTRY,0.0344,520392934
HEIBTC,0.00000136,3253494.5
HEIUSDT,0.0863,2059943.8
CAKEUSDC,1.491,176296.08
HEIUSDC,0.0864,28204.5
TRUMPFDUSD,2.962,83845.99
TSTFDUSD,0.042,8217758.9
BNXUSDC,1.7783,393136.9
LTCJPY,8727,838.689
BCHJPY,70625,87.348
LINKJPY,1444,3618.74
KAITOBTC,0.00000611,591630.9
KAITOUSDT,0.4164,8166477.3
KAITOUSDC,0.416,572053.6
KAITOBNB,0.0021556,164262.5
KAITOFDUSD,0.3139,1456606.3
KAITOTRY,18.511,1146458.9
ETHMXN,38387,2.9646
KAITOBRL,7.524,271121.4
SOLMXN,1469,198.591
BNBARS,888120,4.469
SOLARS,127605,3789.296
TRUMPBRL,15.01,995.82
TRXFDUSD,0.3127,1102096
TSTTRY,0.375,9304666
SHELLBTC,0.0000005,7602831.7
SHELLUSDT,0.0299,71374054.9
SHELLUSDC,0.03,5893769.1
SHELLBNB,0.0000778,2348170.1
SHELLFDUSD,0.0545,2317034.6
SHELLTRY,1.34,52672652.6
REDUSDT,0.1703,31111194.4
GPSUSDT,0.00796,67413600.3
GPSUSDC,0.00797,13956371.4
GPSFDUSD,0.01982,6228967
GPSTRY,0.356,19138702
GPSBNB,0.00001769,5902032.4
REDBTC,0.00000302,832251.4
REDUSDC,0.1705,4198356.2
REDFDUSD,0.2568,523783.4
REDTRY,7.59,11691966.7
CHESSUSDC,0.00316,39370572.7
EGLDUSDC,3.89,61964.89
OSMOUSDC,0.0317,469892.93
UTKUSDC,0.01044,14382140
TUSDC,0.00624,753780.8
CVCUSDC,0.03017,84872
EURIUSDC,1.1693,200698.4
SYNUSDC,0.0485,439335.7
USDCRON,4.38,81332
VELODROMEUSDC,0.01504,2446972.7
EPICUSDT,0.261,2117151.2
DFUSDC,0.00151,80650394
EPICUSDC,0.261,126383.1
GMXUSDC,5.78,22305.037
MKRUSDC,1817.7,182.1067
RPLUSDC,1.76,2033.29
BMTUSDT,0.0143,25845826.4
BMTUSDC,0.0143,991495.6
BMTBNB,0.0000734,5360762
BMTFDUSD,0.0298,9858817.9
BMTTRY,0.637,5312321.3
FORMUSDC,0.2112,126228.1
FORMUSDT,0.2111,7047982
FORMTRY,9.42,923196.6
XUSDUSDT,0.9999,9511334
IOTAUSDC,0.0577,1853882
JUVUSDC,0.514,98247.96
THEUSDC,0.1019,1109299.8
VANRYUSDC,0.005267,1195910
USDCCZK,20.43,67939
NILUSDT,0.0352,25022640.5
NILBNB,0.0001828,1365216.9
NILFDUSD,0.2811,1152489.4
NILUSDC,0.0351,1326394.4
NILTRY,1.57,13679084.8
BEAMXUSDC,0.00184,9868810
VANAUSDC,1.31,7699.42
PARTIFDUSD,0.0505,3304557.4
PARTITRY,2.26,127103422
PARTIUSDT,0.0506,512910020.9
PARTIUSDC,0.0507,53533662.3
PARTIBNB,0.00008396,4839121
MUBARAKUSDT,0.01167,54059145.6
MUBARAKUSDC,0.01167,6054128.7
TUTUSDT,0.00904,86174578
BROCCOLI714USDT,0.01259,60818526
TUTUSDC,0.009,15254395
BANANAS31USDT,0.009681,419405117
BANANAS31USDC,0.009676,44963932
BROCCOLI714USDC,0.0126,2541245
GUNUSDT,0.01703,71803665
GUNBNB,0.00002762,3808411
GUNFDUSD,0.02812,19739213
GUNTRY,0.759,41329525
THETAUSDC,0.176,1102107.5
API3USDC,0.2842,27254.39
AUCTIONTRY,211.8,5094.13
AUCTIONUSDC,4.75,1813.76
BANANAUSDC,3.44,6742.471
GUNUSDC,0.01705,8805432
QNTUSDC,75.02,1791.36
VETUSDC,0.007266,15811238
ZENUSDC,5.882,217921.3
BABYUSDT,0.01368,98949629
BABYUSDC,0.01368,4739880
BABYBNB,0.00005582,5450503
BABYFDUSD,0.04407,5660655
BABYTRY,0.61,33520995
ONDOUSDT,0.2586,31066313
ONDOUSDC,0.2587,3265671.7
BIGTIMEUSDT,0.01274,54242688
BIGTIMEUSDC,0.01277,4262666
VIRTUALUSDT,0.677,6916766.1
VIRTUALUSDC,0.6774,906554.1
KERNELBNB,0.0000891,2938724.8
KERNELFDUSD,0.0489,2846804.7
KERNELTRY,3.71,9512740.7
KERNELUSDC,0.0833,5220730.7
KERNELUSDT,0.0832,18747929.3
WCTTRY,2.54,1085740.6
WCTFDUSD,0.0822,1612354.5
WCTBNB,0.0000827,1459603.1
WCTUSDC,0.0568,263256.7
WCTUSDT,0.0571,7796023.4
PAXGUSDC,4748.48,494.8992
ONDOTRY,11.51,767636.96
BABYEUR,0.03866,4691180
ACHUSDC,0.00593,10222170
GMTUSDC,0.01058,925048.2
HYPERUSDT,0.0901,4670519.2
HYPERUSDC,0.0901,579870.5
HYPERBNB,0.0002517,1318386.1
HYPERFDUSD,0.3535,1748253.1
HYPERTRY,4.01,2572785.8
INITUSDT,0.0808,7093984.6
INITUSDC,0.0808,1191738.9
INITBNB,0.000124,1527505.5
INITFDUSD,0.1055,1296871.5
INITTRY,3.61,1003501.6
SIGNUSDT,0.03319,93801936
SIGNUSDC,0.03316,4942709
SIGNBNB,0.00005447,458516
SIGNFDUSD,0.03241,797783
SIGNTRY,1.479,17108271
STOUSDT,0.1386,170933772.3
STOUSDC,0.1386,34102708.5
STOBNB,0.00010532,5510965.7
STOFDUSD,0.0975,4414474.4
STOTRY,6.174,148231444.5
ENJUSDC,0.0309,82040926.7
VIRTUALTRY,30.33,404820.59
SYRUPUSDT,0.2351,12216853.7
SYRUPUSDC,0.2351,3519160.4
KMNOUSDT,0.02026,18867277
KMNOUSDC,0.02027,9491574
SXTUSDT,0.0171,38979089.1
SXTUSDC,0.0171,509241.1
SXTBNB,0.00008835,3217555.6
SXTFDUSD,0.074,1862172.1
SXTTRY,0.759,5842598.8
PUNDIXUSDC,0.1466,2016.7
SYRUPTRY,10.494,1693871.4
NXPCUSDT,0.2897,3388240.1
NXPCUSDC,0.2897,117893.1
NXPCBNB,0.00071138,163743.7
NXPCFDUSD,0.7618,148898.4
NXPCTRY,12.93,188175.7
AWEBTC,0.00000075,9356140
AWEUSDT,0.05077,6923210
HAEDALUSDT,0.0271,5468895.3
HAEDALUSDC,0.0273,93110.3
HAEDALBNB,0.0000579,2112691.1
HAEDALFDUSD,0.0491,7970220.9
HAEDALTRY,1.215,1323388.1
USD1USDT,0.9994,148495414
HUMAUSDT,0.01531,236351785
HUMAUSDC,0.01533,14119371
HUMABNB,0.00003018,11036529
HUMAFDUSD,0.02692,6257665
HUMATRY,0.682,92893552
ABTC,0.00000168,2127140.7
AETH,0.0001014,1247203.2
AFDUSD,0.283,489103.9
ATRY,3.57,329064.5
AUSDC,0.0801,68756.1
AUSDT,0.08,5107483.1
SOPHUSDT,0.00878,42311460
SOPHUSDC,0.00878,9176675
SOPHBNB,0.0000346,6118140
SOPHFDUSD,0.00866,15738
SOPHTRY,0.391,3065011
MUBARAKTRY,0.52,31277306.6
TRXJPY,51,372906.12
DAIJPY,160,180039.592
RESOLVUSDT,0.0403,62602464.9
RESOLVUSDC,0.0403,9952585
RESOLVBNB,0.0001139,2612396.4
RESOLVFDUSD,0.0628,6786371.9
RESOLVTRY,1.8,46720323.3
HOMEUSDT,0.0189,7671694
HOMEUSDC,0.0189,475006
HOMEBNB,0.00002543,11008161
HOMEFDUSD,0.02962,8795727
HOMETRY,0.842,1135353
FLUXUSDC,0.0578,679108.67
MASKUSDC,0.449,18957.6
SUSHIUSDC,0.1958,36780.4
SPKUSDT,0.02003,13589462
SPKUSDC,0.020023,1496847
SPKBNB,0.00003258,6080841
SPKFDUSD,0.049085,14707027
SPKTRY,0.8924,2306875
NEWTUSDT,0.0675,5641706.5
NEWTUSDC,0.0675,259296.2
NEWTBNB,0.00010934,1349251.8
NEWTFDUSD,0.0966,1106673.5
NEWTTRY,3.01,1559053.9
NEIROJPY,0.01082,975158267
SAHARAUSDT,0.02242,31422094
SAHARAUSDC,0.02241,1937952
SAHARABNB,0.00008898,4447398
SAHARAFDUSD,0.07706,2663371
SAHARATRY,1.0009,10462210
LPTUSDC,2.028,5775.88
RVNUSDC,0.00579,646904.7
LAUSDT,0.1702,4037687.7
LAUSDC,0.1716,65270.8
LABNB,0.0002711,5574.7
LAFDUSD,0.4247,571268.2
LATRY,7.6,769707.6
LPTJPY,320.2,842.98
XAIUSDC,0.00949,275651.4
AXSUSDC,1.148,66810.33
COMPUSDC,19.26,3022.933
ERAUSDT,0.1268,2345070.9
ERAUSDC,0.1269,283190.2
ERABNB,0.00020932,223188.1
ERAFDUSD,0.1268,150589.7
ERATRY,5.68,48004.4
CUSDT,0.0708,14876773.9
CUSDC,0.0709,2711717.4
CBNB,0.00010042,2707230.5
CFDUSD,0.0918,3338952.7
CTRY,3.152,8878236.4
GRTUSDC,0.0245,3808948
ROSEUSDC,0.01025,11549087.1
CVXUSDC,1.784,34068.445
FUNUSDC,0.000852,291480344
LISTAUSDC,0.0827,1071761.9
TREEUSDT,0.0611,71533690
TREEUSDC,0.0612,3446661.6
TREEBNB,0.0001365,1807171.6
TREEFDUSD,0.1333,3536819.1
TREETRY,2.72,4527770.3
A2ZUSDT,0.000084,9524855325
TOWNSUSDT,0.00323,513659463
TOWNSUSDC,0.00323,70175797
TOWNSBNB,0.00000983,20060009
TOWNSFDUSD,0.00825,23716358
TOWNSTRY,0.143,318741964
PROVEUSDT,0.2243,4866878.7
PROVEUSDC,0.2247,534052.9
PROVEBNB,0.00047311,487000.7
PROVEFDUSD,0.4619,727651.3
PROVETRY,10.01,250061
ILVUSDC,3.89,2916.733
MAGICUSDC,0.0625,3141808.3
USDCBRL,5.067,3090903.3
BFUSDUSDT,0.9995,1304620
PLUMEUSDT,0.00968,96539015
PLUMEUSDC,0.00968,16273809
PLUMEBNB,0.00001705,15495819
PLUMEFDUSD,0.01292,13163678
PLUMETRY,0.432,14378762
CYBERUSDC,0.506,21738.72
MAVUSDC,0.01466,2542758
SKLUSDC,0.00657,12303604
A2ZUSDC,0.000083,1004634016
SSVUSDC,2.213,45681.983
UMAUSDC,0.415,18004.9
DOLOUSDT,0.03483,15507178.8
DOLOUSDC,0.03474,2124695.4
DOLOBNB,0.00004038,4257162
DOLOFDUSD,0.04283,8605344
DOLOTRY,1.553,4220242.9
MITOUSDT,0.03677,9873336.1
MITOUSDC,0.03675,178063.7
MITOBNB,0.0000906,3234410
MITOFDUSD,0.07336,2022906.3
MITOTRY,1.64,1836465.9
WLFIUSDT,0.0898,241265530.4
WLFIUSDC,0.0896,51117342.7
WLFITRY,4,6539944.6
BFUSDUSDC,0.9998,10318
NMRUSDC,8.23,3530.77
QTUMUSDC,0.93,4246.8
SOMIUSDT,0.1623,2854240.9
SOMIUSDC,0.1625,1479999.4
SOMIBNB,0.00028954,929109.1
SOMIFDUSD,0.2556,1890450.5
SOMITRY,7.23,283281.3
WLFIBRL,0.881,2768199.8
WLFIEUR,0.0763,284946.3
OPENUSDT,0.1862,19412554.5
OPENUSDC,0.1862,1124792.5
OPENBNB,0.0003066,84462.7
OPENFDUSD,0.1866,135733.1
OPENTRY,8.298,2493819.4
USDEUSDC,0.9999,304060
USDEUSDT,0.9996,1513630
LINEAUSDT,0.00332,224948350
LINEAUSDC,0.00332,36685953
LINEABNB,0.00000733,41558490
LINEAFDUSD,0.00435,44143205
LINEATRY,0.148,54518610
HOLOUSDT,0.0593,27410213.2
HOLOUSDC,0.0593,2200109.6
HOLOBNB,0.00007382,5116752.5
HOLOFDUSD,0.0675,7347309.2
HOLOTRY,2.644,3413778.4
PUMPUSDT,0.001823,2815471555
PUMPTRY,0.0813,178861450
PUMPUSDC,0.001824,189497163
AVNTUSDT,0.1367,14387735.4
AVNTUSDC,0.1369,1280356.6
AVNTTRY,6.1,1226080.8
ZKCUSDT,0.0718,9098560.8
ZKCUSDC,0.0718,809810.6
ZKCFDUSD,0.1139,2891780.4
ZKCBNB,0.000132,2271669.8
ZKCTRY,3.2,905842.8
SKYBTC,0.00000109,286376
SKYTRY,3.499,334492
SKYUSDC,0.07842,2473971
SKYUSDT,0.07842,26179044
BARDUSDT,0.33,27483853
BARDUSDC,0.3304,665861.6
BARDFDUSD,0.7938,665437.4
BARDTRY,14.72,2490761.2
BARDBNB,0.0009227,469291.9
0GUSDT,0.531,3841328.96
0GUSDC,0.531,1186789.67
0GBNB,0.00086322,150802.77
0GFDUSD,0.837,200681.71
0GTRY,23.74,238216.52
IMXUSDC,0.1474,482496.62
NMRTRY,368,26077.427
TWTUSDC,0.3996,453145
HEMIBNB,0.00001509,17820515.2
HEMITRY,0.3099,87499540.1
HEMIUSDT,0.00694,213101509.5
HEMIUSDC,0.00694,26845552.1
HEMIFDUSD,0.0164,8723587.2
XPLUSDT,0.1254,61968335.2
XPLUSDC,0.1253,7863470.9
XPLBNB,0.0001445,2245406.4
XPLFDUSD,0.1275,64856.9
XPLTRY,5.6,2567219.6
MIRAUSDT,0.0798,3736184.1
MIRAUSDC,0.0799,159041.1
MIRABNB,0.00014577,525464.2
MIRAFDUSD,0.1416,409982.4
MIRATRY,3.57,1143072.2
FFUSDT,0.0714,25296739.3
FFUSDC,0.07084,195384.2
FFBNB,0.00013394,1024221.1
FFFDUSD,0.07107,42232.6
FFTRY,3.183,285999.4
AEVOUSDC,0.0237,2269588.4
MEUSDC,0.1043,595509.25
SNXUSDC,0.298,53185.2
EDENUSDT,0.0314,5288283.4
EDENUSDC,0.0316,142468.7
EDENBNB,0.0000786,3550666.6
EDENFDUSD,0.072,3873578.7
EDENTRY,1.41,7992519.7
NOMFDUSD,0.00618,165940971
NOMTRY,0.337,2229068216
NOMUSDC,0.00756,400903973
NOMUSDT,0.00757,3103665451
2ZUSDT,0.08034,15727957
2ZUSDC,0.08034,14511292
2ZBNB,0.00013014,1773847
2ZFDUSD,0.12605,5305079
2ZTRY,3.58,1066577
TRUMPJPY,472,16122.6329
MORPHOUSDT,1.853,1876513.51
MORPHOUSDC,1.85,265611.51
MORPHOBNB,0.001353,214376.24
MORPHOFDUSD,1.163,123262.35
MORPHOTRY,82.37,241854.11
ASTERUSDT,0.666,8887800.73
ASTERUSDC,0.666,3335736.1
ASTERTRY,29.69,617500.72
WALUSDT,0.073,5469276.3
WALUSDC,0.0729,277620.2
WALBNB,0.0001203,670599.3
WALFDUSD,0.0729,99348.7
WALTRY,3.28,153109.2
EULUSDT,0.977,1724828.79
EULUSDC,0.976,332633.09
EULFDUSD,1.346,177426.72
EULBNB,0.002478,47109.32
EULTRY,43.5,606977.68
ENSOUSDT,0.943,2380536.25
ENSOUSDC,0.942,165857.28
ENSOFDUSD,1.255,602415.73
ENSOBNB,0.001556,43661.78
ENSOTRY,42,906944.92
YBUSDT,0.1147,3714050.6
YBUSDC,0.1146,152732.4
YBBNB,0.0002757,409470.6
YBFDUSD,0.372,94713.2
YBTRY,5.13,1120043.6
ZBTUSDT,0.1118,36204648.1
ZBTUSDC,0.1118,452221
ZBTBNB,0.000115,1255273.2
ZBTFDUSD,0.1112,749813.2
ZBTTRY,4.99,8143398.9
TURTLEUSDT,0.0412,8647742.5
TURTLEUSDC,0.0412,404130.7
TURTLEBNB,0.0000711,2448844.6
TURTLEFDUSD,0.0604,2302642.1
TURTLETRY,1.84,2704020.8
GIGGLEUSDT,25.8,161797.178
GIGGLEUSDC,25.79,15784.553
GIGGLETRY,1149,46360.326
FUSDT,0.00521,45137212
FUSDC,0.00521,476889
FTRY,0.2324,11783768
KITEUSDT,0.1282,93249381.8
KITEUSDC,0.1283,3022843.2
KITEBNB,0.0001252,4123614.7
KITETRY,5.709,17617979.3
MMTUSDT,0.1217,6256123.7
MMTUSDC,0.1216,854538.8
MMTBNB,0.0002457,1693592
MMTTRY,5.42,2733759.5
DASHUSDC,37.04,33246.465
SAPIENUSDT,0.0737,49332447.8
SAPIENUSDC,0.0737,6449577.5
SAPIENBNB,0.0001249,964164.1
SAPIENTRY,3.283,46850302.4
MINAUSDC,0.0559,817881.3
XVGUSDC,0.004786,29923944
ALLOUSDT,0.1065,5956563.4
ALLOUSDC,0.1067,755097.2
ALLOBNB,0.0000944,2667524.4
ALLOTRY,4.74,1320316.9
SOLVUSDC,0.00462,96591440
USD1USDC,0.9995,47518163
WLFIUSD1,0.0898,85688458.9
BANKUSDT,0.0341,30995642.9
BANKUSDC,0.0341,3189018.6
BANKTRY,1.519,14050185
METUSDT,0.1348,1986489.5
METUSDC,0.1355,33869.2
METTRY,6.02,167362.5
1INCHUSDC,0.0944,45480.4
COTIUSDC,0.01371,466426
LSKUSDC,0.13,9822.4
USDTUSD,1.0002,52320420
USDCUSD,1,24667866
DODOTRY,0.6947,2411322
HEITRY,3.842,1393386
MANTAIDR,1100,27914.81
SCRIDR,746.9,147712.5
WLDIDR,4663,57087.46
HBARIDR,1547.4,24234.5
ATUSDT,0.1358,9168292.5
ATUSDC,0.1359,230765.6
ATBNB,0.0002672,5715155.1
ATTRY,6.084,1691600.2
ASTERIDR,11465,1394.26
AVAXIDR,165000,109.47
BOMEIDR,6.8,5490872
DOGSIDR,0.49,89319
FLOKIIDR,0.49,12875424
POLIDR,1497,246671.1
RENDERIDR,35683,3413.92
TAOIDR,5740401,61.866
TIAIDR,5363,4173.55
TONIDR,22546,179305.48
VIRTUALIDR,11800,12257.8
WIFIDR,3500,5580.61
ZILIDR,68,811053
ARBIDR,1870,22093.6
ADAIDR,4393,45067.4
BNBIDR,10368910,22.363
BTCIDR,1232919136,4.36832
DOGEIDR,1597,513874
ETHIDR,37650538,46.9591
NEIROIDR,1,189381228
ONDOIDR,4424,9390.7
SUIIDR,16211,19957.96
TKOIDR,963.89,632785.2
XRPIDR,23143,43269.3
USDTIDR,17099,4856148.99
USDCIDR,17094,98499.55
SOLIDR,1438128,1654.6013
BTCUSD,72079.38,3.46389
BTCUSD1,72075.48,1784.90209
DYMUSDC,0.0206,10034783.7
BNBUSD1,606.26,53995.646
ETHUSD1,2201.93,49792.5924
SOLUSD1,84.07,75998.605
DASHTRY,1651,41660.991
DOGEUSD1,0.09348,15683357
SUIUSD1,0.938,479101.8
XRPUSD1,1.3531,9335972.8
KGSTUSDT,0.01145,6497095
ADAUSD1,0.2575,61264.2
ASTERUSD1,0.667,36436.42
LUNAUSDC,0.0556,156864.98
LUNCUSDC,0.00003784,1111343182
ZECUSD1,371.66,738.58
AVAXUSD1,9.42,63.6
BCHUSD1,445.7,1.676
UNIUSD1,3.151,1548.67
BREVUSDT,0.1204,7161571.4
BREVUSDC,0.1207,1124509.8
BREVBNB,0.0001954,12885
BREVTRY,5.36,1920602.6
币安人生USDT,0.0794,189125395.2
币安人生USDC,0.0798,10179784.9
币安人生TRY,3.6,26.4
ZKPUSDT,0.0718,8643611.3
ZKPUSDC,0.072,700545.5
ZKPTRY,3.21,859480.9
FETJPY,39.76,115082.88
TAOJPY,53134,125.6215
LINKUSD1,9.14,588.98
USDCMXN,17.39,24500
PEPEUSD1,0.00000367,15826789556
UUSDT,0.9998,13987470
UUSDC,1,8060609
FRAXUSDT,0.405,1673269.3
FOGOUSDT,0.01902,44320622
FOGOUSDC,0.01906,4227377
FOGOTRY,0.847,23635917
BTCU,72040.35,2430.82389
LTCUSD1,54.62,14.78
UTRY,44.57,9088
XRPRLUSD,1.354,3162649
RLUSDUSDT,0.9999,20246118
RLUSDU,1,43163
SENTUSDT,0.01594,33964553
SENTUSDC,0.01594,3481543
SENTTRY,0.7104,18979595
BNBU,606.66,2992.939
KGSTU,0.01144,114803
SOLU,84.03,778.683
TRXUSD1,0.3208,25050.7
USD1U,0.9995,4521513
ETHU,2200.7,12017.7606
ZAMAUSDT,0.02315,132222673
ZAMAUSDC,0.02312,2801953
ZAMATRY,1.026,198693
ASTERU,0.664,150.6
PAXGUSD1,4763.71,48.6923
SUIU,0.9481,7934.7
XRPU,1.3546,91327.3
ESPUSDT,0.07807,16045837
ESPUSDC,0.07806,1960811
ESPTRY,3.478,6866256
ADAU,0.2562,14942.4
DOGEU,0.0935,271876
PEPEU,0.00000361,750162539
TAOUSD1,333.6,58.9419
BNBUSD,608.35,18.595
ETHUSD,2208.95,22.3736
SOLUSD,84.2,320.925
MANTRAUSDT,0.0107,68114088
MANTRAUSDC,0.01071,5827966
MANTRATRY,0.4771,25152485
ROBOUSDT,0.0168,73024538
ROBOUSDC,0.01681,8152429
ROBOTRY,0.748,27006710
LINKU,9.04,156.17
LTCU,54.76,23.128
PAXGU,4750,5.2212
ZECU,368.7,54.848
AVAXU,9.56,68.32
OPNUSDT,0.1696,12558095.9
OPNUSDC,0.1706,741999.1
OPNBNB,0.0002861,34650.2
OPNU,0.1694,8446.6
OPNUSD1,0.1729,10291.3
OPNTRY,7.56,3543550
BCHU,445,10.226
NEARU,1.389,441
NEARUSD1,1.375,6218.2
TRXU,0.3202,17291.9
UIDR,17124,238.24
NIGHTUSDT,0.04102,93604984
NIGHTUSDC,0.04098,5406781
NIGHTBNB,0.00006769,208592
NIGHTTRY,1.824,6854085
CFGUSDT,0.2001,23227716.1
CFGUSDC,0.2001,5273863.6
CFGTRY,8.914,9464348.1
AAVEU,92.46,210.717
TAOU,335.3,14.7688
UNIU,3.148,671.58
WLFIU,0.0895,164454.3
KATUSDT,0.00866,265314433
KATUSDC,0.00866,16595536
KATTRY,0.386,148005954
XAUTUSDT,4736.23,5147.2466
XAUTUSDC,4736.84,115.8484
XAUTU,4747.56,3.3463
XAUTBTC,0.06549,10.7203
XAUTTRY,211050,258.0333
APTU,0.822,25.26
ENAU,0.0883,1281.13
FETU,0.2433,647.6
NIGHTU,0.04114,63107
TRUMPU,2.972,212.111
WLDU,0.2774,172588.8
TRUMPUSD1,2.991,7055.142
BTCUSDS,72336,0.65212
ETHUSDS,2225.18,1.5882
USDSUSDT,0.9995,2546703
